municipality_id;municipality_name;pensions
10101;Eisenstadt;32,774
10201;Rust;24,956
10301;Breitenbrunn am Neusiedler See;30,022
10302;Donnerskirchen;27,442
10303;Großhöflein;30
10304;Hornstein;29,246
10305;Klingenbach;25,814
10306;Leithaprodersdorf;26,12
10307;Mörbisch am See;22,71
10308;Müllendorf;29,97
10309;Neufeld an der Leitha;28,897
10310;Oggau am Neusiedler See;24,984
10311;Oslip;25,512
10312;Purbach am Neusiedler See;26,898
10313;Sankt Margarethen im Burgenland;24,527
10314;Schützen am Gebirge;27,082
10315;Siegendorf;28,054
10316;Steinbrunn;28,796
10317;Trausdorf an der Wulka;29,742
10318;Wimpassing an der Leitha;29,367
10319;Wulkaprodersdorf;29,179
10320;Loretto;32,049
10321;Stotzing;23,527
10322;Zillingtal;27,405
10323;Zagersdorf;25,462
10401;Bocksdorf;24,133
10402;Burgauberg-Neudauberg;22,731
10403;Eberau;24,075
10404;Gerersdorf-Sulz;23,503
10405;Güssing;26,249
10406;Güttenbach;22,04
10407;Heiligenbrunn;21,629
10408;Kukmirn;23,205
10409;Neuberg im Burgenland;22,11
10410;Neustift bei Güssing;21,26
10411;Olbendorf;24,168
10412;Ollersdorf im Burgenland;24,047
10413;Sankt Michael im Burgenland;23,862
10414;Stegersbach;25,971
10415;Stinatz;23,944
10416;Strem;21,684
10417;Tobaj;23,201
10418;Hackerberg;23,394
10419;Wörterberg;25,138
10420;Großmürbisch;24,309
10421;Inzenhof;23,547
10422;Kleinmürbisch;21,411
10423;Tschanigraben;22,618
10424;Heugraben;22,782
10425;Rohr im Burgenland;22,257
10426;Bildein;22,064
10427;Rauchwart;21,99
10428;Moschendorf;23,116
10501;Deutsch Kaltenbrunn;23,477
10502;Eltendorf;22,105
10503;Heiligenkreuz im Lafnitztal;23,274
10504;Jennersdorf;23,589
10505;Minihof-Liebau;22,32
10506;Mogersdorf;21,999
10507;Neuhaus am Klausenbach;22,018
10508;Rudersdorf;25,029
10509;Sankt Martin an der Raab;22,019
10510;Weichselbaum;20,013
10511;Königsdorf;21,621
10512;Mühlgraben;20,322
10601;Draßburg;26,414
10602;Forchtenstein;26,213
10603;Hirm;28,005
10604;Loipersbach im Burgenland;25,294
10605;Marz;26,191
10606;Mattersburg;27,764
10607;Neudörfl;25,999
10608;Pöttelsdorf;28,11
10609;Pöttsching;28
10610;Rohrbach bei Mattersburg;24,481
10611;Bad Sauerbrunn;29,634
10612;Schattendorf;25,727
10613;Sieggraben;24,419
10614;Sigleß;28,912
10615;Wiesen;25,68
10616;Antau;23,703
10617;Baumgarten;27,97
10618;Zemendorf-Stöttera;27,042
10619;Krensdorf;26,224
10701;Andau;24,288
10702;Apetlon;24,521
10703;Bruckneudorf;27,552
10704;Deutsch Jahrndorf;26,303
10705;Frauenkirchen;25,406
10706;Gattendorf;25,852
10707;Gols;25,267
10708;Halbturn;26,527
10709;Illmitz;25,237
10710;Jois;27,114
10711;Kittsee;26,069
10712;Mönchhof;24,751
10713;Neusiedl am See;29,178
10714;Nickelsdorf;26,128
10715;Pama;26,164
10716;Pamhagen;23,191
10717;Parndorf;26,608
10718;Podersdorf am See;25,765
10719;Sankt Andrä am Zicksee;25,838
10720;Tadten;23,845
10721;Wallern im Burgenland;23,189
10722;Weiden am See;27,816
10723;Winden am See;26,691
10724;Zurndorf;26,262
10725;Neudorf;26,109
10726;Potzneusiedl;26,842
10727;Edelstal;28,149
10801;Deutschkreutz;25,414
10802;Draßmarkt;23,174
10803;Frankenau-Unterpullendorf;25,64
10804;Großwarasdorf;25,859
10805;Horitschon;24,445
10806;Kaisersdorf;26,217
10807;Kobersdorf;25,435
10808;Lackenbach;23,805
10809;Lockenhaus;23,954
10810;Lutzmannsburg;24,26
10811;Mannersdorf an der Rabnitz;24,706
10812;Markt Sankt Martin;26,031
10813;Neckenmarkt;21,764
10814;Neutal;27,361
10815;Nikitsch;24,324
10816;Oberpullendorf;26,673
10817;Pilgersdorf;24,196
10818;Piringsdorf;22,571
10819;Raiding;24,149
10820;Ritzing;26,08
10821;Steinberg-Dörfl;26,867
10822;Stoob;25,577
10823;Weppersdorf;24,546
10824;Lackendorf;25,845
10825;Unterfrauenhaid;25,815
10826;Unterrabnitz-Schwendgraben;24,971
10827;Weingraben;24,527
10828;Oberloisdorf;24,097
10901;Bad Tatzmannsdorf;30,366
10902;Bernstein;25,15
10903;Deutsch Schützen-Eisenberg;23,358
10904;Grafenschachen;24,853
10905;Großpetersdorf;24,88
10906;Hannersdorf;24
10907;Kemeten;23,622
10908;Kohfidisch;23,468
10909;Litzelsdorf;23,863
10910;Loipersdorf-Kitzladen;23,532
10911;Mariasdorf;23,808
10912;Markt Allhau;25,988
10913;Markt Neuhodis;23,102
10914;Mischendorf;22,034
10915;Oberdorf im Burgenland;22,952
10916;Oberschützen;28,712
10917;Oberwart;27,332
10918;Pinkafeld;25,612
10919;Rechnitz;23,061
10920;Riedlingsdorf;24,724
10921;Rotenturm an der Pinka;24,379
10922;Schachendorf;24,6
10923;Stadtschlaining;24,01
10924;Unterkohlstätten;24,174
10925;Unterwart;23,282
10926;Weiden bei Rechnitz;23,144
10927;Wiesfleck;22,986
10928;Wolfau;22,852
10929;Neustift an der Lafnitz;23,001
10930;Jabing;22,348
10931;Badersdorf;21,674
10932;Schandorf;26,949
20101;Klagenfurt am Wörthersee;29,341
20201;Villach;27,212
20302;Dellach;22,11
20305;Hermagor-Pressegger See;25,35
20306;Kirchbach;20,462
20307;Kötschach-Mauthen;23,895
20316;St. Stefan im Gailtal;23,742
20320;Gitschtal;21,5
20321;Lesachtal;18,371
20402;Ebenthal in Kärnten;25,287
20403;Feistritz im Rosental;25,017
20405;Ferlach;24,719
20409;Grafenstein;26,2
20412;Keutschach am See;26,666
20414;Köttmannsdorf;26,757
20415;Krumpendorf am Wörthersee;33,679
20416;Ludmannsdorf;24,402
20417;Maria Rain;28,861
20418;Maria Saal;28,987
20419;Maria Wörth;29,542
20421;Moosburg;24,74
20424;Pörtschach am Wörther See;28,947
20425;Poggersdorf;25,389
20428;St. Margareten im Rosental;22,436
20432;Schiefling am Wörthersee;22,446
20435;Techelsberg am Wörther See;24,551
20441;Zell;19,568
20442;Magdalensberg;26,33
20501;Althofen;24,847
20502;Brückl;23,894
20503;Deutsch-Griffen;19,073
20504;Eberstein;22,721
20505;Friesach;22,589
20506;Glödnitz;22,696
20508;Gurk;21,777
20509;Guttaring;22,763
20511;Hüttenberg;20,643
20512;Kappel am Krappfeld;26,08
20513;Klein St. Paul;22,889
20515;Liebenfels;22,546
20518;Metnitz;20,91
20519;Micheldorf;22,166
20520;Mölbling;23,986
20523;St. Georgen am Längsee;27,083
20527;St. Veit an der Glan;25,493
20530;Straßburg;21,112
20531;Weitensfeld im Gurktal;21,688
20534;Frauenstein;26,803
20601;Bad Kleinkirchheim;23,46
20602;Baldramsdorf;24,345
20603;Berg im Drautal;20,428
20604;Dellach im Drautal;21,938
20605;Großkirchheim;20,128
20607;Flattach;24,433
20608;Gmünd in Kärnten;22,907
20609;Greifenburg;22,289
20610;Heiligenblut am Großglockner;22,168
20611;Irschen;22,058
20613;Kleblach-Lind;21,682
20616;Lendorf;22,6
20618;Mallnitz;24,885
20619;Malta;21,557
20620;Millstatt am See;24,474
20622;Mörtschach;19,024
20624;Mühldorf;22,664
20625;Oberdrauburg;22,46
20627;Obervellach;22,782
20630;Radenthein;24,463
20631;Rangersdorf;20,251
20632;Rennweg am Katschberg;22,477
20633;Sachsenburg;24,583
20634;Seeboden am Millstätter See;26,087
20635;Spittal an der Drau;25,168
20636;Stall;19,788
20637;Steinfeld;21,887
20638;Trebesing;20,899
20639;Weißensee;25,371
20640;Winklern;21,787
20642;Krems in Kärnten;20,376
20643;Lurnfeld;24,314
20644;Reißeck;24,51
20701;Afritz am See;22,747
20702;Arnoldstein;25,169
20703;Arriach;21,765
20705;Bad Bleiberg;25,237
20707;Feistritz an der Gail;23,842
20708;Feld am See;24,474
20710;Ferndorf;22,42
20711;Finkenstein am Faaker See;24,99
20712;Fresach;23,515
20713;Hohenthurn;25,623
20719;Nötsch im Gailtal;25,91
20720;Paternion;23,573
20721;Rosegg;23,744
20722;St. Jakob im Rosental;23,994
20723;Stockenboi;20,976
20724;Treffen am Ossiacher See;25,936
20725;Velden am Wörther See;25,588
20726;Weißenstein;26,665
20727;Wernberg;26,746
20801;Bleiburg;21,846
20802;Diex;21,25
20803;Eberndorf;23,279
20804;Eisenkappel-Vellach;21,372
20805;Feistritz ob Bleiburg;23,4
20806;Gallizien;23,267
20807;Globasnitz;21,414
20808;Griffen;20,925
20810;Neuhaus;19,884
20812;Ruden;21,908
20813;St. Kanzian am Klopeiner See;23,735
20815;Sittersdorf;21,407
20817;Völkermarkt;24,144
20901;Bad St. Leonhard im Lavanttal;22,279
20905;Frantschach-St. Gertraud;21,51
20909;Lavamünd;22,075
20911;Preitenegg;20,981
20912;Reichenfels;21,834
20913;St. Andrä;23,389
20914;St. Georgen im Lavanttal;21,47
20918;St. Paul im Lavanttal;23,18
20923;Wolfsberg;25,132
21001;Albeck;23,446
21002;Feldkirchen in Kärnten;23,818
21003;Glanegg;23,166
21004;Gnesau;22,197
21005;Himmelberg;22,147
21006;Ossiach;29,192
21007;Reichenau;21,59
21008;St. Urban;22,587
21009;Steindorf am Ossiacher See;26,212
21010;Steuerberg;20,703
30101;Krems an der Donau;29,185
30201;St. Pölten;28,802
30301;Waidhofen an der Ybbs;27,252
30401;Wiener Neustadt;28,158
30501;Allhartsberg;23,511
30502;Amstetten;28,029
30503;Ardagger;24,614
30504;Aschbach-Markt;25,035
30506;Behamberg;25,83
30507;Biberbach;23,455
30508;Ennsdorf;25,282
30509;Ernsthofen;27,971
30510;Ertl;20,637
30511;Euratsfeld;23,845
30512;Ferschnitz;25,048
30514;Haag;25,113
30515;Haidershofen;25,943
30516;Hollenstein an der Ybbs;24,247
30517;Kematen an der Ybbs;24,727
30520;Neuhofen an der Ybbs;25,062
30521;Neustadtl an der Donau;23,004
30522;Oed-Oehling;28,141
30524;Opponitz;22,95
30526;St. Georgen am Reith;21,316
30527;St. Georgen am Ybbsfelde;25,18
30529;St. Pantaleon-Erla;26,349
30530;St. Peter in der Au;23,592
30531;St. Valentin;27,055
30532;Seitenstetten;24,887
30533;Sonntagberg;25,394
30534;Strengberg;23,223
30536;Viehdorf;24,15
30538;Wallsee-Sindelburg;25,059
30539;Weistrach;22,957
30541;Winklarn;26,532
30542;Wolfsbach;23,822
30543;Ybbsitz;23,956
30544;Zeillern;24,976
30601;Alland;28,243
30602;Altenmarkt an der Triesting;25,622
30603;Bad Vöslau;29,558
30604;Baden;32,394
30605;Berndorf;26,978
30607;Ebreichsdorf;27,808
30608;Enzesfeld-Lindabrunn;28,026
30609;Furth an der Triesting;24,184
30612;Günselsdorf;25,511
30613;Heiligenkreuz;31,067
30614;Hernstein;28,833
30615;Hirtenberg;25,246
30616;Klausen-Leopoldsdorf;26,48
30618;Kottingbrunn;29,005
30620;Leobersdorf;27,015
30621;Mitterndorf an der Fischa;27,115
30623;Oberwaltersdorf;31,555
30625;Pfaffstätten;30,741
30626;Pottendorf;26,749
30627;Pottenstein;26,705
30629;Reisenberg;28,318
30631;Schönau an der Triesting;27,625
30633;Seibersdorf;28,293
30635;Sooß;31,857
30636;Tattendorf;28,663
30637;Teesdorf;27,718
30639;Traiskirchen;27,563
30641;Trumau;28,158
30645;Weissenbach an der Triesting;27,484
30646;Blumau-Neurißhof;26,981
30701;Au am Leithaberge;25,612
30702;Bad Deutsch-Altenburg;28,191
30703;Berg;28,138
30704;Bruck an der Leitha;29,585
30706;Enzersdorf an der Fischa;31,224
30708;Göttlesbrunn-Arbesthal;28,915
30709;Götzendorf an der Leitha;28,617
30710;Hainburg a.d. Donau;29,123
30711;Haslau-Maria Ellend;29,5
30712;Höflein;28,898
30713;Hof am Leithaberge;28,867
30715;Hundsheim;28,475
30716;Mannersdorf am Leithagebirge;27,667
30718;Petronell-Carnuntum;27,901
30719;Prellenkirchen;27,837
30721;Rohrau;27,952
30722;Scharndorf;30,391
30724;Sommerein;27,608
30726;Trautmannsdorf an der Leitha;28,919
30728;Wolfsthal;26,335
30729;Ebergassing;27,551
30730;Fischamend;28,847
30731;Gramatneusiedl;27,967
30732;Himberg;28,921
30733;Klein-Neusiedl;28,38
30734;Lanzendorf;28,253
30735;Leopoldsdorf;32,693
30736;Maria-Lanzendorf;29,082
30737;Moosbrunn;29,869
30738;Rauchenwarth;28,761
30739;Schwadorf;28,009
30740;Schwechat;28,658
30741;Zwölfaxing;30,419
30801;Aderklaa;26,377
30802;Andlersdorf;29,064
30803;Angern an der March;28,203
30804;Auersthal;30,659
30805;Bad Pirawarth;29,361
30808;Deutsch-Wagram;31,716
30810;Drösing;28,493
30811;Dürnkrut;29,375
30812;Ebenthal;28,261
30813;Eckartsau;27,398
30814;Engelhartstetten;26,999
30817;Gänserndorf;30,653
30819;Glinzendorf;27,997
30821;Groß-Enzersdorf;30,359
30822;Großhofen;28,735
30824;Groß-Schweinbarth;29,397
30825;Haringsee;29,08
30826;Hauskirchen;28,758
30827;Hohenau an der March;29,317
30828;Hohenruppersdorf;26,359
30829;Jedenspeigen;28,211
30830;Lassee;27,05
30831;Leopoldsdorf im Marchfelde;29,714
30834;Mannsdorf an der Donau;29,252
30835;Marchegg;27,929
30836;Markgrafneusiedl;27,64
30838;Matzen-Raggendorf;30,542
30841;Neusiedl an der Zaya;31,292
30842;Obersiebenbrunn;27,878
30844;Orth an der Donau;28,138
30845;Palterndorf-Dobermannsdorf;27,283
30846;Parbasdorf;27,535
30848;Prottes;30,871
30849;Raasdorf;28,454
30850;Ringelsdorf-Niederabsdorf;28,245
30852;Schönkirchen-Reyersdorf;31,33
30854;Spannberg;27,929
30856;Strasshof an der Nordbahn;30,009
30857;Sulz im Weinviertel;27,598
30858;Untersiebenbrunn;28,024
30859;Velm-Götzendorf;27,192
30860;Weikendorf;31,905
30863;Zistersdorf;27,661
30865;Weiden an der March;28,898
30902;Amaliendorf-Aalfang;24,65
30903;Brand-Nagelberg;23,465
30904;Eggern;20,798
30906;Eisgarn;22,836
30908;Gmünd;27,633
30909;Großdietmanns;24,403
30910;Bad Großpertholz;22,9
30912;Großschönau;21,995
30913;Moorbad Harbach;22,764
30915;Haugschlag;23,121
30916;Heidenreichstein;24,188
30917;Hirschbach;25,279
30920;Hoheneich;26,597
30921;Kirchberg am Walde;21,241
30925;Litschau;24,756
30929;Reingers;20,995
30932;St. Martin;20,827
30935;Schrems;24,395
30939;Unserfrau-Altweitra;20,545
30940;Waldenstein;22,173
30942;Weitra;25,169
31001;Alberndorf im Pulkautal;26,582
31008;Göllersdorf;26,308
31009;Grabern;25,173
31014;Guntersdorf;26,357
31015;Hadres;24,768
31016;Hardegg;23,747
31018;Haugsdorf;24,232
31019;Heldenberg;27,191
31021;Hohenwarth-Mühlbach a.M.;24,257
31022;Hollabrunn;29,18
31025;Mailberg;24,02
31026;Maissau;27,468
31028;Nappersdorf-Kammersdorf;24,818
31033;Pernersdorf;25,627
31035;Pulkau;26,006
31036;Ravelsbach;25,189
31037;Retz;25,015
31038;Retzbach;24,442
31041;Schrattenthal;24,031
31042;Seefeld-Kadolz;25,244
31043;Sitzendorf an der Schmida;24,73
31051;Wullersdorf;25,602
31052;Zellerndorf;25,914
31053;Ziersdorf;26,521
31101;Altenburg;25,465
31102;Brunn an der Wild;22,449
31103;Burgschleinitz-Kühnring;24,569
31104;Drosendorf-Zissersdorf;26,319
31105;Eggenburg;28,291
31106;Gars am Kamp;26,881
31107;Geras;23,517
31109;Horn;28,818
31110;Irnfritz-Messern;22,493
31111;Japons;23,283
31113;Langau;22,821
31114;Meiseldorf;26,084
31117;Pernegg;22,739
31119;Röhrenbach;20,572
31120;Röschitz;26,63
31121;Rosenburg-Mold;25,248
31123;St. Bernhard-Frauenhofen;25,316
31124;Sigmundsherberg;26,928
31129;Weitersfeld;24,662
31130;Straning-Grafenberg;26,556
31201;Bisamberg;35,838
31202;Enzersfeld im Weinviertel;29,162
31203;Ernstbrunn;26,636
31204;Großmugl;26,4
31205;Großrußbach;29,585
31206;Hagenbrunn;32,539
31207;Harmannsdorf;28,912
31208;Hausleiten;28,309
31213;Korneuburg;31,026
31214;Langenzersdorf;35,495
31215;Leitzersdorf;27,793
31216;Leobendorf;31,457
31224;Rußbach;26,008
31226;Sierndorf;28,735
31227;Spillern;29,906
31228;Stetteldorf am Wagram;26,29
31229;Stetten;27,935
31230;Stockerau;29,519
31234;Niederhollabrunn;28,252
31235;Gerasdorf bei Wien;30,993
31301;Aggsbach;28,709
31302;Albrechtsberg an der Großen Krems;21,711
31303;Bergern im Dunkelsteinerwald;24,967
31304;Dürnstein;26,544
31308;Grafenegg;26,73
31309;Furth bei Göttweig;29,219
31310;Gedersdorf;25,702
31311;Gföhl;24,131
31315;Hadersdorf-Kammern;27,655
31319;Jaidhof;20,106
31321;Krumau am Kamp;24,55
31322;Langenlois;25,568
31323;Lengenfeld;24,209
31324;Lichtenau im Waldviertel;20,07
31326;Maria Laach am Jauerling;21,675
31327;Mautern an der Donau;29,1
31330;Mühldorf;23,687
31333;Paudorf;25,703
31336;Rastenfeld;24,578
31337;Rohrendorf bei Krems;27,345
31338;Rossatz-Arnsdorf;28,055
31340;St. Leonhard am Hornerwald;21,377
31343;Senftenberg;27,472
31344;Spitz;26,185
31346;Straß im Straßertale;25,716
31347;Stratzing;30,585
31350;Weinzierl am Walde;20,352
31351;Weißenkirchen in der Wachau;24,959
31355;Schönberg am Kamp;25,811
31356;Droß;26,16
31401;Annaberg;24,508
31402;Eschenau;24,217
31403;Hainfeld;25,352
31404;Hohenberg;25,475
31405;Kaumberg;26,061
31406;Kleinzell;24,337
31407;Lilienfeld;29,083
31408;Mitterbach am Erlaufsee;29,141
31409;Ramsau;22,863
31410;Rohrbach an der Gölsen;26,055
31411;St. Aegyd am Neuwalde;24,4
31412;St. Veit an der Gölsen;25,235
31413;Traisen;25,643
31414;Türnitz;25,691
31502;Artstetten-Pöbring;21,462
31503;Bergland;23,97
31504;Bischofstetten;24,95
31505;Blindenmarkt;26,552
31506;Dorfstetten;19,847
31507;Dunkelsteinerwald;24,599
31508;Erlauf;24,512
31509;Golling an der Erlauf;24,104
31511;Hofamt Priel;25,71
31513;Hürm;24,461
31514;Kilb;25,05
31515;Kirnberg an der Mank;22,002
31516;Klein-Pöchlarn;26,598
31517;Krummnußbaum;27,783
31519;Leiben;25,216
31520;Loosdorf;26,557
31521;Mank;23,382
31522;Marbach an der Donau;25,761
31523;Maria Taferl;24,193
31524;Melk;29,904
31525;Münichreith-Laimbach;22,071
31527;Neumarkt an der Ybbs;27,232
31528;Nöchling;22,373
31530;Persenbeug-Gottsdorf;27,212
31531;Petzenkirchen;26,965
31533;Pöchlarn;25,922
31534;Pöggstall;23,119
31535;Raxendorf;20,371
31537;Ruprechtshofen;23,496
31539;St. Leonhard am Forst;23,665
31540;St. Martin-Karlsbach;26,049
31541;St. Oswald;19,355
31542;Schönbühel-Aggsbach;27,067
31543;Schollach;26,193
31546;Weiten;23,117
31549;Ybbs an der Donau;27,674
31550;Zelking-Matzleinsdorf;23,479
31551;Texingtal;21,922
31552;Yspertal;23,282
31553;Emmersdorf an der Donau;27,785
31601;Altlichtenwarth;25,013
31603;Asparn an der Zaya;26,089
31604;Bernhardsthal;27,846
31605;Bockfließ;29,198
31606;Drasenhofen;25,809
31608;Falkenstein;28,821
31609;Fallbach;24,176
31611;Gaubitsch;25,451
31612;Gaweinstal;28,308
31613;Gnadendorf;25,472
31614;Großebersdorf;29,493
31615;Großengersdorf;25,231
31616;Großharras;24,309
31617;Großkrut;26,755
31620;Hausbrunn;27,631
31621;Herrnbaumgarten;25,466
31622;Hochleithen;27,939
31627;Kreuttal;28,99
31628;Kreuzstetten;28,388
31629;Laa an der Thaya;26,492
31630;Ladendorf;26,645
31633;Mistelbach;29,328
31634;Neudorf im Weinviertel;25,713
31636;Niederleis;26,571
31642;Pillichsdorf;29,318
31644;Poysdorf;25,696
31645;Rabensburg;28,976
31646;Schrattenberg;24,314
31649;Staatz;25,446
31650;Stronsdorf;24,13
31651;Ulrichskirchen-Schleinbach;29,658
31652;Unterstinkenbrunn;24,007
31653;Wildendürnbach;23,614
31654;Wilfersdorf;28,529
31655;Wolkersdorf im Weinviertel;30,878
31658;Ottenthal;24,67
31701;Achau;27,776
31702;Biedermannsdorf;37,03
31703;Breitenfurt bei Wien;35,22
31704;Brunn am Gebirge;33,797
31706;Gaaden;36,219
31707;Gießhübl;40,064
31709;Gumpoldskirchen;31,94
31710;Guntramsdorf;31,44
31711;Hennersdorf;32,047
31712;Hinterbrühl;39,439
31713;Kaltenleutgeben;33,476
31714;Laab im Walde;40,452
31715;Laxenburg;36,008
31716;Maria Enzersdorf;37,569
31717;Mödling;33,721
31718;Münchendorf;34,356
31719;Perchtoldsdorf;36,451
31723;Vösendorf;28,952
31725;Wiener Neudorf;30,841
31726;Wienerwald;30,185
31801;Altendorf;27,177
31802;Aspang-Markt;29,92
31803;Aspangberg-St. Peter;25,097
31804;Breitenau;25,407
31805;Breitenstein;22,777
31806;Buchbach;29,773
31807;Edlitz;26,099
31808;Enzenreith;28,207
31809;Feistritz am Wechsel;23,127
31810;Gloggnitz;26,141
31811;Grafenbach-St. Valentin;26,196
31812;Grimmenstein;29,922
31813;Grünbach am Schneeberg;26,399
31814;Kirchberg am Wechsel;25,479
31815;Mönichkirchen;23,555
31817;Natschbach-Loipersbach;28,415
31818;Neunkirchen;27,091
31820;Otterthal;24,44
31821;Payerbach;27,051
31823;Pitten;28,372
31825;Prigglitz;24,026
31826;Puchberg am Schneeberg;26,866
31827;Raach am Hochgebirge;22,762
31829;Reichenau an der Rax;27,727
31830;St. Corona am Wechsel;22,041
31831;St. Egyden am Steinfeld;27,506
31832;Scheiblingkirchen-Thernberg;26,234
31833;Schottwien;24,786
31834;Schrattenbach;25,801
31835;Schwarzau am Steinfeld;27,976
31836;Schwarzau im Gebirge;22,598
31837;Seebenstein;28,207
31838;Semmering;27,77
31839;Ternitz;26,705
31840;Thomasberg;23,034
31841;Trattenbach;23,06
31842;Bürg-Vöstenhof;28,417
31843;Warth;25,484
31844;Wartmannstetten;27,88
31845;Willendorf;30,968
31846;Wimpassing im Schwarzatale;24,944
31847;Würflach;28,655
31848;Zöbern;24,611
31849;Höflein an der Hohen Wand;26,755
31901;Altlengbach;28,007
31902;Asperhofen;26,502
31903;Böheimkirchen;27,1
31904;Brand-Laaben;25,201
31905;Eichgraben;32,405
31906;Frankenfels;23,795
31907;Gerersdorf;27,236
31909;Hofstetten-Grünau;23,469
31910;Hafnerbach;27,601
31911;Haunoldstein;26,269
31912;Herzogenburg;26,628
31913;Inzersdorf-Getzersdorf;26,507
31915;Kapelln;25,446
31916;Karlstetten;27,179
31917;Kasten bei Böheimkirchen;26,304
31918;Kirchberg an der Pielach;24,423
31919;Kirchstetten;26,866
31920;Loich;21,725
31921;Maria-Anzbach;32,113
31922;Markersdorf-Haindorf;25,411
31923;Michelbach;22,092
31925;Neidling;27,817
31926;Neulengbach;28,377
31927;Neustift-Innermanzing;27,573
31928;Nußdorf ob der Traisen;26,495
31929;Ober-Grafendorf;27,603
31930;Obritzberg-Rust;26,161
31932;Prinzersdorf;30,26
31934;Pyhra;26,34
31935;Rabenstein an der Pielach;25,058
31938;St. Margarethen an der Sierning;27,94
31939;Schwarzenbach an der Pielach;22,443
31940;Statzendorf;26,075
31941;Stössing;22,747
31943;Traismauer;26,422
31945;Weinburg;26,116
31946;Perschling;26,066
31947;Wilhelmsburg;25,903
31948;Wölbling;25,958
31949;Gablitz;33,165
31950;Mauerbach;36,638
31951;Pressbaum;32,31
31952;Purkersdorf;32,953
31953;Tullnerbach;36,331
31954;Wolfsgraben;33,188
32001;Gaming;24,478
32002;Göstling an der Ybbs;24,407
32003;Gresten;26,591
32004;Gresten-Land;21,321
32005;Lunz am See;24,802
32006;Oberndorf an der Melk;22,299
32007;Puchenstuben;23,254
32008;Purgstall an der Erlauf;23,775
32009;Randegg;22,567
32010;Reinsberg;20,649
32011;St. Anton an der Jeßnitz;21,733
32012;St. Georgen an der Leys;20,795
32013;Scheibbs;27,795
32014;Steinakirchen am Forst;24,238
32015;Wang;22,061
32016;Wieselburg;27,723
32017;Wieselburg-Land;25,724
32018;Wolfpassing;23,535
32101;Absdorf;27,382
32104;Atzenbrugg;28,175
32106;Fels am Wagram;27,065
32107;Grafenwörth;25,341
32109;Großriedenthal;24,806
32110;Großweikersdorf;28,917
32112;Judenau-Baumgarten;27,774
32114;Kirchberg am Wagram;26,802
32115;Königsbrunn am Wagram;26,776
32116;Königstetten;32,574
32119;Langenrohr;26,449
32120;Michelhausen;27,009
32131;Sieghartskirchen;28,768
32132;Sitzenberg-Reidling;26,624
32134;Tulbing;32,224
32135;Tulln an der Donau;29,715
32139;Würmla;26,614
32140;Zeiselmauer-Wolfpassing;33,386
32141;Zwentendorf an der Donau;27,375
32142;St. Andrä-Wördern;32,4
32143;Muckendorf-Wipfing;29,442
32144;Klosterneuburg;36,655
32202;Dietmanns;24,873
32203;Dobersberg;22,41
32206;Gastern;21,485
32207;Groß-Siegharts;24,475
32209;Karlstein an der Thaya;24,75
32210;Kautzen;22,776
32212;Ludweis-Aigen;22,993
32214;Pfaffenschlag bei Waidhofen a.d.Thaya;21,157
32216;Raabs an der Thaya;23,437
32217;Thaya;21,16
32219;Vitis;22,498
32220;Waidhofen an der Thaya;27,696
32221;Waidhofen an der Thaya-Land;22,057
32222;Waldkirchen an der Thaya;20,603
32223;Windigsteig;22,895
32301;Bad Fischau-Brunn;31,652
32302;Bad Schönau;22,715
32304;Ebenfurth;26,185
32305;Eggendorf;27,692
32306;Bad Erlach;27,088
32307;Felixdorf;27,448
32308;Gutenstein;24,381
32309;Hochneukirchen-Gschaidt;21,8
32310;Hochwolkersdorf;25,727
32311;Hohe Wand;28,504
32312;Hollenthon;22,631
32313;Katzelsdorf;31,92
32314;Kirchschlag in der Buckligen Welt;24,785
32315;Krumbach;24,631
32316;Lanzenkirchen;28,113
32317;Lichtenegg;21,304
32318;Lichtenwörth;26,857
32319;Markt Piesting;28,948
32320;Matzendorf-Hölles;29,228
32321;Miesenbach;23,491
32322;Muggendorf;28,449
32323;Pernitz;26,7
32324;Rohr im Gebirge;27,136
32325;Bromberg;24,312
32326;Schwarzenbach;22,398
32327;Sollenau;27,553
32330;Theresienfeld;28,401
32331;Waidmannsfeld;27,181
32332;Waldegg;28,576
32333;Walpersbach;28,603
32334;Weikersdorf am Steinfelde;25,87
32335;Wiesmath;25,56
32336;Winzendorf-Muthmannsdorf;29,637
32337;Wöllersdorf-Steinabrückl;28,409
32338;Zillingdorf;26,846
32501;Allentsteig;25,88
32502;Arbesbach;21,39
32503;Bärnkopf;24,128
32504;Echsenbach;21,461
32505;Göpfritz an der Wild;22,884
32506;Grafenschlag;20,252
32508;Groß Gerungs;22,16
32509;Großgöttfritz;18,901
32511;Gutenbrunn;23,76
32514;Kirchschlag;19,879
32515;Kottes-Purk;19,914
32516;Langschlag;21,853
32517;Martinsberg;21,001
32518;Ottenschlag;26,667
32519;Altmelon;19,85
32520;Pölla;22,358
32521;Rappottenstein;20,752
32522;Sallingberg;21,013
32523;Schönbach;22,931
32524;Schwarzenau;24,508
32525;Schweiggers;19,299
32528;Bad Traunstein;20,486
32529;Waldhausen;21,353
32530;Zwettl-Niederösterreich;23,936
40101;Linz;29,422
40201;Steyr;26,51
40301;Wels;27,055
40401;Altheim;22,049
40402;Aspach;23,097
40403;Auerbach;20,151
40404;Braunau am Inn;24,511
40405;Burgkirchen;23,275
40406;Eggelsberg;21,6
40407;Feldkirchen bei Mattighofen;21,931
40408;Franking;20,952
40409;Geretsberg;21,796
40410;Gilgenberg am Weilhart;18,621
40411;Haigermoos;22,511
40412;Handenberg;19,968
40413;Helpfau-Uttendorf;21,789
40414;Hochburg-Ach;13,853
40415;Höhnhart;21,851
40416;Jeging;23,034
40417;Kirchberg bei Mattighofen;23,101
40418;Lengau;23,736
40419;Lochen am See;24,459
40420;Maria Schmolln;20,535
40421;Mattighofen;22,226
40422;Mauerkirchen;22,467
40423;Mining;23,552
40424;Moosbach;22,601
40425;Moosdorf;21,958
40426;Munderfing;24,124
40427;Neukirchen an der Enknach;21,595
40428;Ostermiething;20,304
40429;Palting;22,416
40430;Perwang am Grabensee;24,938
40431;Pfaffstätt;22,454
40432;Pischelsdorf am Engelbach;19,646
40433;Polling im Innkreis;21,866
40434;Roßbach;21,219
40435;St. Georgen am Fillmannsbach;18,645
40436;St. Johann am Walde;22,206
40437;St. Pantaleon;24,118
40438;St. Peter am Hart;25,041
40439;St. Radegund;16,766
40440;St. Veit im Innkreis;22,152
40441;Schalchen;22,582
40442;Schwand im Innkreis;21,163
40443;Tarsdorf;16,026
40444;Treubach;21,379
40445;Überackern;12,854
40446;Weng im Innkreis;22,629
40501;Alkoven;26,983
40502;Aschach an der Donau;27,585
40503;Eferding;27,237
40504;Fraham;26,321
40505;Haibach ob der Donau;22,267
40506;Hartkirchen;24,543
40507;Hinzenbach;26,639
40508;Prambachkirchen;24,187
40509;Pupping;26,733
40510;St. Marienkirchen an der Polsenz;24,843
40511;Scharten;28,415
40512;Stroheim;22,515
40601;Freistadt;27,716
40602;Grünbach;22,038
40603;Gutau;23,953
40604;Hagenberg im Mühlkreis;28,987
40605;Hirschbach im Mühlkreis;23,123
40606;Kaltenberg;21,142
40607;Kefermarkt;26,399
40608;Königswiesen;22,403
40609;Lasberg;24,662
40610;Leopoldschlag;21,696
40611;Liebenau;21,454
40612;Neumarkt im Mühlkreis;24,604
40613;Pierbach;22,76
40614;Pregarten;26,635
40615;Rainbach im Mühlkreis;23,59
40616;Sandl;23,451
40617;St. Leonhard bei Freistadt;24,312
40618;St. Oswald bei Freistadt;24,153
40619;Schönau im Mühlkreis;21,982
40620;Tragwein;24,445
40621;Unterweißenbach;22,232
40622;Unterweitersdorf;27,022
40623;Waldburg;23,66
40624;Wartberg ob der Aist;27,187
40625;Weitersfelden;21,619
40626;Windhaag bei Freistadt;21,575
40627;Bad Zell;23,103
40701;Altmünster;27,205
40702;Bad Goisern am Hallstättersee;26,192
40703;Bad Ischl;27,773
40704;Ebensee am Traunsee;26,097
40705;Gmunden;29,267
40706;Gosau;25,338
40707;Grünau im Almtal;24,123
40708;Gschwandt;26,095
40709;Hallstatt;26,993
40710;Kirchham;23,786
40711;Laakirchen;25,327
40712;Obertraun;27,183
40713;Ohlsdorf;27,883
40714;Pinsdorf;25,504
40715;Roitham am Traunfall;26,493
40716;St. Konrad;23,838
40717;St. Wolfgang im Salzkammergut;23,565
40718;Traunkirchen;28,476
40719;Scharnstein;24,419
40720;Vorchdorf;24,631
40801;Aistersheim;23,724
40802;Bad Schallerbach;28,339
40804;Eschenau im Hausruckkreis;19,382
40805;Gallspach;22,525
40806;Gaspoltshofen;21,919
40807;Geboltskirchen;21,729
40808;Grieskirchen;27,442
40809;Haag am Hausruck;25,837
40810;Heiligenberg;21,996
40811;Hofkirchen an der Trattnach;23,908
40812;Kallham;23,806
40813;Kematen am Innbach;24,158
40814;Meggenhofen;24,978
40815;Michaelnbach;23,243
40816;Natternbach;22,103
40817;Neukirchen am Walde;22,073
40818;Neumarkt im Hausruckkreis;25,923
40820;Pötting;25,448
40821;Pollham;23,472
40822;Pram;24,767
40823;Rottenbach;23,214
40824;St. Agatha;21,584
40825;St. Georgen bei Grieskirchen;25,599
40826;St. Thomas;22,746
40827;Schlüßlberg;25,155
40828;Steegen;20,355
40829;Taufkirchen an der Trattnach;24,232
40830;Tollet;25,29
40831;Waizenkirchen;24,814
40832;Wallern an der Trattnach;28,538
40833;Weibern;25,191
40834;Wendling;21,218
40835;Peuerbach;23,641
40901;Edlbach;23,958
40902;Grünburg;23,23
40903;Hinterstoder;25,539
40904;Inzersdorf im Kremstal;22,456
40905;Kirchdorf an der Krems;26,654
40906;Klaus an der Pyhrnbahn;24,71
40907;Kremsmünster;25,403
40908;Micheldorf in Oberösterreich;25,434
40909;Molln;23,701
40910;Nußbach;25,035
40911;Oberschlierbach;23,048
40912;Pettenbach;24,358
40913;Ried im Traunkreis;23,816
40914;Rosenau am Hengstpaß;23,959
40915;Roßleithen;23,537
40916;St. Pankraz;22,284
40917;Schlierbach;24,364
40918;Spital am Pyhrn;22,424
40919;Steinbach am Ziehberg;21,258
40920;Steinbach an der Steyr;24,597
40921;Vorderstoder;24,053
40922;Wartberg an der Krems;25,917
40923;Windischgarsten;25,954
41001;Allhaming;27
41002;Ansfelden;25,796
41003;Asten;25,62
41004;Eggendorf im Traunkreis;26,872
41005;Enns;26,803
41006;Hargelsberg;29,107
41007;Hörsching;27,906
41008;Hofkirchen im Traunkreis;26,714
41009;Kematen an der Krems;26,433
41010;Kirchberg-Thening;30,504
41011;Kronstorf;27,308
41012;Leonding;32,756
41013;St. Florian;31,759
41014;Neuhofen an der Krems;27,548
41015;Niederneukirchen;28,307
41016;Oftering;27,959
41017;Pasching;29,152
41018;Piberbach;26,006
41019;Pucking;28,329
41020;St. Marien;28,446
41021;Traun;25,833
41022;Wilhering;31,976
41101;Allerheiligen im Mühlkreis;23,385
41102;Arbing;25,048
41103;Baumgartenberg;23,571
41104;Dimbach;19,942
41105;Grein;23,966
41106;Katsdorf;28,646
41107;Klam;22,949
41108;Bad Kreuzen;21,219
41109;Langenstein;26,97
41110;Luftenberg an der Donau;27,731
41111;Mauthausen;26,119
41112;Mitterkirchen im Machland;25,027
41113;Münzbach;22,764
41114;Naarn im Machlande;24,561
41115;Pabneukirchen;21,034
41116;Perg;27,467
41117;Rechberg;20,875
41118;Ried in der Riedmark;26,243
41119;St. Georgen am Walde;21,214
41120;St. Georgen an der Gusen;27,915
41121;St. Nikola an der Donau;21,816
41122;St. Thomas am Blasenstein;21,498
41123;Saxen;23,057
41124;Schwertberg;27,055
41125;Waldhausen im Strudengau;22,563
41126;Windhaag bei Perg;23,305
41201;Andrichsfurt;21,417
41202;Antiesenhofen;22,129
41203;Aurolzmünster;23,629
41204;Eberschwang;23,583
41205;Eitzing;23,74
41206;Geiersberg;22,488
41207;Geinberg;23,217
41208;Gurten;24,039
41209;Hohenzell;24,358
41210;Kirchdorf am Inn;23,257
41211;Kirchheim im Innkreis;22,65
41212;Lambrechten;22,441
41213;Lohnsburg am Kobernaußerwald;22
41214;Mehrnbach;23,803
41215;Mettmach;22,281
41216;Mörschwang;22,318
41217;Mühlheim am Inn;25,249
41218;Neuhofen im Innkreis;26,667
41219;Obernberg am Inn;20,91
41220;Ort im Innkreis;21,734
41221;Pattigham;23,58
41222;Peterskirchen;22,1
41223;Pramet;23,612
41224;Reichersberg;22,571
41225;Ried im Innkreis;26,584
41226;St. Georgen bei Obernberg am Inn;24,844
41227;St. Marienkirchen am Hausruck;23,456
41228;St. Martin im Innkreis;25,091
41229;Schildorn;22,317
41230;Senftenbach;23,025
41231;Taiskirchen im Innkreis;21,914
41232;Tumeltsham;28,892
41233;Utzenaich;22,717
41234;Waldzell;22,293
41235;Weilbach;23,32
41236;Wippenham;21,498
41304;Altenfelden;24,879
41305;Arnreit;21,816
41306;Atzesberg;20,532
41307;Auberg;19,596
41309;Haslach an der Mühl;24,956
41311;Hörbich;18,531
41312;Hofkirchen im Mühlkreis;21,184
41313;Julbach;20,974
41314;Kirchberg ob der Donau;22,667
41315;Klaffer am Hochficht;21,389
41316;Kleinzell im Mühlkreis;23,124
41317;Kollerschlag;17,864
41318;Lembach im Mühlkreis;24,424
41319;Lichtenau im Mühlkreis;21,243
41320;Nebelberg;16,784
41321;Neufelden;26,192
41322;Niederkappel;20,767
41323;Niederwaldkirchen;23,054
41324;Oberkappel;20,147
41325;Oepping;22,041
41326;Peilstein im Mühlviertel;19,769
41327;Pfarrkirchen im Mühlkreis;19,3
41328;Putzleinsdorf;20,568
41329;Neustift im Mühlkreis;19,68
41331;St. Johann am Wimberg;22,343
41332;St. Martin im Mühlkreis;25,825
41333;St. Oswald bei Haslach;20,979
41334;St. Peter am Wimberg;22,806
41336;St. Ulrich im Mühlkreis;22,204
41337;St. Veit im Mühlkreis;26,616
41338;Sarleinsbach;22,187
41341;Schwarzenberg am Böhmerwald;21,024
41342;Ulrichsberg;23,556
41343;Aigen-Schlägl;24,536
41344;Rohrbach-Berg;26,697
41345;Helfenberg;24,124
41346;St. Stefan-Afiesl;22,247
41401;Altschwendt;22,405
41402;Andorf;22,921
41403;Brunnenthal;23,453
41404;Diersbach;20,824
41405;Dorf an der Pram;22,046
41406;Eggerding;21,707
41407;Engelhartszell;20,679
41408;Enzenkirchen;21,284
41409;Esternberg;15,588
41410;Freinberg;15,551
41411;Kopfing im Innkreis;20,96
41412;Mayrhof;20,497
41413;Münzkirchen;20,431
41414;Raab;22,818
41415;Rainbach im Innkreis;21,787
41416;Riedau;25,453
41417;St. Aegidi;19,45
41418;St. Florian am Inn;23,921
41419;St. Marienkirchen bei Schärding;22,821
41420;St. Roman;16,613
41421;St. Willibald;21,397
41422;Schärding;26,057
41423;Schardenberg;18,389
41424;Sigharting;22,867
41425;Suben;25,351
41426;Taufkirchen an der Pram;22,331
41427;Vichtenstein;18,62
41428;Waldkirchen am Wesen;21,599
41429;Wernstein am Inn;20,615
41430;Zell an der Pram;22,713
41501;Adlwang;26,59
41502;Aschach an der Steyr;26,469
41503;Bad Hall;26,617
41504;Dietach;27,742
41505;Gaflenz;24,137
41506;Garsten;27,49
41507;Großraming;24,295
41508;Laussa;22,302
41509;Losenstein;26,63
41510;Maria Neustift;21,44
41511;Pfarrkirchen bei Bad Hall;26,24
41512;Reichraming;25,173
41513;Rohr im Kremstal;25,106
41514;St. Ulrich bei Steyr;29,462
41515;Schiedlberg;25,61
41516;Sierning;26,187
41517;Ternberg;24,239
41518;Waldneukirchen;24,592
41521;Wolfern;27,464
41522;Weyer;26,174
41601;Alberndorf in der Riedmark;27,121
41602;Altenberg bei Linz;31,024
41603;Bad Leonfelden;26,044
41604;Eidenberg;25,23
41605;Engerwitzdorf;28,151
41606;Feldkirchen an der Donau;26,254
41607;Gallneukirchen;28,86
41608;Goldwörth;26,355
41609;Gramastetten;30,603
41610;Haibach im Mühlkreis;25,681
41611;Hellmonsödt;28,825
41612;Herzogsdorf;24,749
41613;Kirchschlag bei Linz;28,227
41614;Lichtenberg;31,842
41615;Oberneukirchen;25,938
41616;Ottenschlag im Mühlkreis;21,769
41617;Ottensheim;30,728
41618;Puchenau;36,757
41619;Reichenau im Mühlkreis;27,338
41620;Reichenthal;23,414
41621;St. Gotthard im Mühlkreis;27,38
41622;Schenkenfelden;25,291
41623;Sonnberg im Mühlkreis;22,262
41624;Steyregg;29,907
41626;Walding;29,098
41627;Zwettl an der Rodl;26,708
41628;Vorderweißenbach;23,479
41701;Ampflwang im Hausruckwald;24,442
41702;Attersee am Attersee;27,123
41703;Attnang-Puchheim;26,176
41704;Atzbach;23,235
41705;Aurach am Hongar;26,191
41706;Berg im Attergau;21,233
41707;Desselbrunn;25,924
41708;Fornach;22,165
41709;Frankenburg am Hausruck;22,507
41710;Frankenmarkt;24,906
41711;Gampern;24,867
41712;Innerschwand am Mondsee;22,838
41713;Lenzing;25,472
41714;Manning;24,06
41715;Mondsee;26,233
41716;Neukirchen an der Vöckla;24,705
41717;Niederthalheim;22,768
41718;Nußdorf am Attersee;25,687
41719;Oberhofen am Irrsee;24,256
41720;Oberndorf bei Schwanenstadt;25,169
41721;Oberwang;20,676
41722;Ottnang am Hausruck;24,349
41723;Pfaffing;22,216
41724;Pilsbach;27,205
41725;Pitzenberg;25,71
41726;Pöndorf;22,629
41727;Puchkirchen am Trattberg;25,729
41728;Pühret;24,607
41729;Redleiten;22,368
41730;Redlham;26,319
41731;Regau;25,348
41732;Rüstorf;24,504
41733;Rutzenham;24,704
41734;St. Georgen im Attergau;23,936
41735;St. Lorenz;24,076
41736;Schlatt;25,494
41737;Schörfling am Attersee;26,727
41738;Schwanenstadt;24,83
41739;Seewalchen am Attersee;27,331
41740;Steinbach am Attersee;27,115
41741;Straß im Attergau;24,533
41742;Tiefgraben;23,638
41743;Timelkam;25,514
41744;Ungenach;24,467
41745;Unterach am Attersee;27,374
41746;Vöcklabruck;28,168
41747;Vöcklamarkt;24,342
41748;Weißenkirchen im Attergau;21,297
41749;Weyregg am Attersee;26,422
41750;Wolfsegg am Hausruck;25,013
41751;Zell am Moos;25,474
41752;Zell am Pettenfirst;24,056
41801;Aichkirchen;25,11
41802;Bachmanning;22,782
41803;Bad Wimsbach-Neydharting;24,976
41804;Buchkirchen;27,395
41805;Eberstalzell;23,724
41806;Edt bei Lambach;27,104
41807;Fischlham;24,999
41808;Gunskirchen;28,123
41809;Holzhausen;27,911
41810;Krenglbach;28,822
41811;Lambach;25,975
41812;Marchtrenk;26,071
41813;Neukirchen bei Lambach;27,108
41814;Offenhausen;25,487
41815;Pennewang;25,994
41816;Pichl bei Wels;26,71
41817;Sattledt;26,089
41818;Schleißheim;28,851
41819;Sipbachzell;26,143
41820;Stadl-Paura;24,694
41821;Steinerkirchen an der Traun;22,731
41822;Steinhaus;26,394
41823;Thalheim bei Wels;30,85
41824;Weißkirchen an der Traun;26,626
50101;Salzburg;29,258
50201;Abtenau;23,32
50202;Adnet;27,241
50203;Annaberg-Lungötz;22,141
50204;Golling an der Salzach;26,713
50205;Hallein;26,441
50206;Krispl;23,882
50207;Kuchl;26,408
50208;Oberalm;28,821
50209;Puch bei Hallein;28,488
50210;Rußbach am Paß Gschütt;24,762
50211;Sankt Koloman;24,226
50212;Scheffau am Tennengebirge;25,365
50213;Bad Vigaun;27,063
50301;Anif;31,822
50302;Anthering;27,636
50303;Bergheim;30,598
50304;Berndorf bei Salzburg;25,707
50305;Bürmoos;26,034
50306;Dorfbeuern;24,707
50307;Ebenau;27,568
50308;Elixhausen;30,594
50309;Elsbethen;31,962
50310;Eugendorf;27,15
50311;Faistenau;25,197
50312;Fuschl am See;26,236
50313;Göming;23,965
50314;Grödig;28,385
50315;Großgmain;27,968
50316;Hallwang;29,833
50317;Henndorf am Wallersee;27,364
50318;Hintersee;25,572
50319;Hof bei Salzburg;26,78
50320;Köstendorf;26,167
50321;Koppl;29,8
50322;Lamprechtshausen;25,58
50323;Mattsee;28,608
50324;Neumarkt am Wallersee;25,386
50325;Nußdorf am Haunsberg;23,739
50326;Oberndorf bei Salzburg;26,133
50327;Obertrum am See;26,208
50328;Plainfeld;28,662
50329;Sankt Georgen bei Salzburg;23,963
50330;Sankt Gilgen;26,174
50331;Schleedorf;23,913
50332;Seeham;27,006
50335;Straßwalchen;24,645
50336;Strobl;24,807
50337;Thalgau;24,937
50338;Wals-Siezenheim;29,101
50339;Seekirchen am Wallersee;27,857
50401;Altenmarkt im Pongau;24,429
50402;Bad Hofgastein;25,937
50403;Bad Gastein;25,75
50404;Bischofshofen;25,637
50405;Dorfgastein;24,564
50406;Eben im Pongau;23,018
50407;Filzmoos;22,227
50408;Flachau;23,825
50409;Forstau;23,239
50410;Goldegg;25,915
50411;Großarl;21,533
50412;Hüttau;22,203
50413;Hüttschlag;22,514
50414;Kleinarl;21,6
50415;Mühlbach am Hochkönig;24,043
50416;Pfarrwerfen;25,223
50417;Radstadt;25,118
50418;Sankt Johann im Pongau;27,094
50419;Sankt Martin am Tennengebirge;22,161
50420;Sankt Veit im Pongau;24,838
50421;Schwarzach im Pongau;24,681
50422;Untertauern;31,395
50423;Wagrain;22,822
50424;Werfen;25,625
50425;Werfenweng;22,575
50501;Göriach;17,303
50502;Lessach;19,027
50503;Mariapfarr;23,296
50504;Mauterndorf;24,103
50505;Muhr;20,336
50506;Ramingstein;21,262
50507;Sankt Andrä im Lungau;23,122
50508;Sankt Margarethen im Lungau;23,004
50509;Sankt Michael im Lungau;24,089
50510;Tamsweg;24,556
50511;Thomatal;20,703
50512;Tweng;26,129
50513;Unternberg;20,611
50514;Weißpriach;18,814
50515;Zederhaus;20,714
50601;Bramberg am Wildkogel;21,364
50602;Bruck an der Großglocknerstraße;25,199
50603;Dienten am Hochkönig;22,198
50604;Fusch an der Großglocknerstraße;24,922
50605;Hollersbach im Pinzgau;21,514
50606;Kaprun;26,325
50607;Krimml;24,491
50608;Lend;23,047
50609;Leogang;23,518
50610;Lofer;23,258
50611;Maishofen;25,215
50612;Maria Alm am Steinernen Meer;22,914
50613;Mittersill;23,052
50614;Neukirchen am Großvenediger;22,408
50615;Niedernsill;23,336
50616;Piesendorf;24,504
50617;Rauris;21,248
50618;Saalbach-Hinterglemm;25,995
50619;Saalfelden am Steinernen Meer;25,303
50620;Sankt Martin bei Lofer;22,204
50621;Stuhlfelden;22,137
50622;Taxenbach;22,301
50623;Unken;22,62
50624;Uttendorf;23,616
50625;Viehhofen;20,512
50626;Wald im Pinzgau;21,03
50627;Weißbach bei Lofer;19,749
50628;Zell am See;26,043
60101;Graz;30,166
60305;Frauental an der Laßnitz;23,835
60318;Lannach;26,13
60323;Pölfing-Brunn;21,497
60324;Preding;23,369
60326;Sankt Josef (Weststeiermark);23,987
60329;Sankt Peter im Sulmtal;22,153
60341;Wettmannstätten;22,694
60344;Deutschlandsberg;24,77
60345;Eibiswald;21,248
60346;Groß Sankt Florian;22,315
60347;Sankt Martin im Sulmtal;22,266
60348;Sankt Stefan ob Stainz;22,702
60349;Schwanberg;23,621
60350;Stainz;23,69
60351;Wies;22,944
60608;Feldkirchen bei Graz;24,643
60611;Gössendorf;26,216
60613;Gratkorn;26,048
60617;Hart bei Graz;29,775
60618;Haselsdorf-Tobelbad;28,608
60619;Hausmannstätten;28,739
60623;Kainbach bei Graz;23,15
60624;Kalsdorf bei Graz;24,093
60626;Kumberg;26,418
60628;Laßnitzhöhe;26,515
60629;Lieboch;27,147
60632;Peggau;24,522
60639;Sankt Bartholomä;24,108
60641;Sankt Oswald bei Plankenwarth;25,8
60642;Sankt Radegund bei Graz;27,755
60645;Semriach;22,987
60646;Stattegg;32,985
60647;Stiwoll;23,443
60648;Thal;29,541
60651;Übelbach;23,731
60653;Vasoldsberg;25,712
60654;Weinitzen;27,475
60655;Werndorf;24,997
60656;Wundschuh;24,773
60659;Deutschfeistritz;24,264
60660;Dobl-Zwaring;23,654
60661;Eggersdorf bei Graz;25,474
60662;Fernitz-Mellach;25,746
60663;Frohnleiten;25,428
60664;Gratwein-Straßengel;28,099
60665;Hitzendorf;26,659
60666;Nestelbach bei Graz;23,923
60667;Raaba-Grambach;28,436
60668;Sankt Marein bei Graz;22,071
60669;Seiersberg-Pirka;28,063
60670;Premstätten;26,334
61001;Allerheiligen bei Wildon;23,427
61002;Arnfels;23,798
61007;Empersdorf;22,662
61008;Gabersdorf;20,945
61012;Gralla;21,691
61013;Großklein;21,582
61016;Heimschuh;21,573
61017;Hengsberg;21,805
61019;Kitzeck im Sausal;22,39
61020;Lang;24
61021;Lebring-Sankt Margarethen;24,305
61024;Oberhaag;18,975
61027;Ragnitz;23,095
61030;Sankt Andrä-Höch;20,088
61032;Sankt Johann im Saggautal;20,154
61033;Sankt Nikolai im Sausal;23,171
61043;Tillmitsch;22,021
61045;Wagna;23,812
61049;Ehrenhausen an der Weinstraße;22,226
61050;Gamlitz;20,616
61051;Gleinstätten;22,955
61052;Heiligenkreuz am Waasen;23,881
61053;Leibnitz;24,117
61054;Leutschach an der Weinstraße;20,21
61055;Sankt Georgen an der Stiefing;23,737
61057;Schwarzautal;20,65
61059;Wildon;24,139
61060;Sankt Veit in der Südsteiermark;20,316
61061;Straß in Steiermark;23,121
61101;Eisenerz;27,724
61105;Kalwang;26,657
61106;Kammern im Liesingtal;24,062
61107;Kraubath an der Mur;24,784
61108;Leoben;25,973
61109;Mautern in Steiermark;23,748
61110;Niklasdorf;24,292
61111;Proleb;28,376
61112;Radmer;25,161
61113;Sankt Michael in Obersteiermark;25,479
61114;Sankt Peter-Freienstein;25,766
61115;Sankt Stefan ob Leoben;24,52
61116;Traboch;26,26
61118;Vordernberg;24,341
61119;Wald am Schoberpaß;22,511
61120;Trofaiach;25,587
61203;Aigen im Ennstal;24,762
61204;Altaussee;26,195
61205;Altenmarkt bei Sankt Gallen;24,213
61206;Ardning;25,106
61207;Bad Aussee;26,499
61213;Gröbming;25,589
61215;Grundlsee;25,513
61217;Haus;22,983
61222;Lassing;22,694
61236;Ramsau am Dachstein;23,241
61243;Selzthal;26,342
61247;Trieben;25,028
61251;Wildalpen;26,998
61252;Wörschach;24,862
61253;Admont;25,388
61254;Aich;22,697
61255;Bad Mitterndorf;24,609
61256;Gaishorn am See;24,999
61257;Irdning-Donnersbachtal;25,044
61258;Landl;24,263
61259;Liezen;25,198
61260;Michaelerberg-Pruggern;23,01
61261;Mitterberg-Sankt Martin;23,882
61262;Öblarn;23,195
61263;Rottenmann;25,393
61264;Sankt Gallen;23,469
61265;Schladming;24,784
61266;Sölk;21,579
61267;Stainach-Pürgg;24,11
61410;Mühlen;20,989
61413;Niederwölz;22,87
61425;St. Peter am Kammersberg;20,702
61428;Schöder;21,836
61437;Krakau;21,327
61438;Murau;26,965
61439;Neumarkt in der Steiermark;22,439
61440;Oberwölz;20,304
61441;Ranten;20,91
61442;Sankt Georgen am Kreischberg;24,508
61443;Sankt Lambrecht;23,31
61444;Scheifling;25,178
61445;Stadl-Predlitz;21,737
61446;Teufenbach-Katsch;22,38
61611;Krottendorf-Gaisfeld;23,909
61612;Ligist;23,798
61615;Mooskirchen;22,159
61618;Rosental an der Kainach;25,206
61621;Sankt Martin am Wöllmißberg;22,212
61624;Stallhofen;22,509
61625;Voitsberg;23,857
61626;Bärnbach;24,328
61627;Edelschrott;22,207
61628;Geistthal-Södingberg;20,14
61629;Hirschegg-Pack;23,087
61630;Kainach bei Voitsberg;21,527
61631;Köflach;24,386
61632;Maria Lankowitz;22,853
61633;Söding-Sankt Johann;24,763
61701;Albersdorf-Prebuch;22,588
61708;Fischbach;21,829
61710;Floing;21,986
61711;Gasen;19,284
61716;Markt Hartmannsdorf;21,45
61719;Hofstätten an der Raab;23,499
61727;Ludersdorf-Wilfersdorf;23,722
61728;Miesenbach bei Birkfeld;19,417
61729;Mitterdorf an der Raab;23,453
61730;Mortantsch;24,065
61731;Naas;21,92
61740;Puch bei Weiz;22,098
61741;Ratten;21,822
61743;Rettenegg;22,125
61744;St. Kathrein am Hauenstein;20,05
61745;Sankt Kathrein am Offenegg;20,423
61746;St. Margarethen an der Raab;21,296
61748;Sinabelkirchen;21,31
61750;Strallegg;19,952
61751;Thannhausen;23,405
61756;Anger;23,526
61757;Birkfeld;21,311
61758;Fladnitz an der Teichalm;21,45
61759;Gersdorf an der Feistritz;19,587
61760;Gleisdorf;25,37
61761;Gutenberg-Stenzengreith;24,063
61762;Ilztal;20,477
61763;Passail;21,684
61764;Pischelsdorf am Kulm;22,21
61765;Sankt Ruprecht an der Raab;22,554
61766;Weiz;25,976
62007;Fohnsdorf;25,488
62008;Gaal;22,082
62010;Hohentauern;27,3
62014;Kobenz;26,884
62021;Pusterwald;21,468
62026;Sankt Georgen ob Judenburg;23,974
62032;Sankt Peter ob Judenburg;25,424
62034;Seckau;27,484
62036;Unzmarkt-Frauenburg;23,145
62038;Zeltweg;25,251
62039;Lobmingtal;24,536
62040;Judenburg;25,913
62041;Knittelfeld;25,691
62042;Obdach;23,028
62043;Pöls-Oberkurzheim;24,752
62044;Pölstal;22,158
62045;Sankt Marein-Feistritz;25,003
62046;Sankt Margarethen bei Knittelfeld;25,097
62047;Spielberg;26,61
62048;Weißkirchen in Steiermark;25,179
62105;Breitenau am Hochlantsch;26,913
62115;Krieglach;24,825
62116;Langenwang;24,848
62125;Pernegg an der Mur;25,343
62128;Sankt Lorenzen im Mürztal;26,74
62131;Spital am Semmering;26,744
62132;Stanz im Mürztal;22,644
62135;Turnau;23,599
62138;Aflenz;26,99
62139;Bruck an der Mur;26,894
62140;Kapfenberg;24,888
62141;Kindberg;25,989
62142;Mariazell;24,701
62143;Mürzzuschlag;25,579
62144;Neuberg an der Mürz;25,061
62145;Sankt Barbara im Mürztal;25,997
62146;Sankt Marein im Mürztal;25,184
62147;Thörl;23,684
62148;Tragöß-Sankt Katharein;23,751
62202;Bad Blumau;20,769
62205;Buch-St. Magdalena;21,73
62206;Burgau;23,978
62209;Ebersdorf;21,124
62211;Friedberg;23,518
62214;Greinbach;21,045
62216;Großsteinbach;22,774
62219;Hartberg;26,652
62220;Hartberg Umgebung;22,773
62226;Lafnitz;22,403
62232;Ottendorf an der Rittschein;21,26
62233;Pinggau;22,844
62235;Pöllauberg;20,264
62242;Sankt Jakob im Walde;20,295
62244;Sankt Johann in der Haide;21,98
62245;Sankt Lorenzen am Wechsel;20,633
62247;Schäffern;19,399
62252;Söchau;21,56
62256;Stubenberg;21,751
62262;Wenigzell;21,459
62264;Bad Waltersdorf;22,548
62265;Dechantskirchen;21,9
62266;Feistritztal;21,108
62267;Fürstenfeld;26,28
62268;Grafendorf bei Hartberg;21,797
62269;Großwilfersdorf;23,18
62270;Hartl;19,672
62271;Ilz;22,71
62272;Kaindorf;20,829
62273;Bad Loipersdorf;20,841
62274;Neudau;22,133
62275;Pöllau;21,734
62276;Rohr bei Hartberg;21,219
62277;Rohrbach an der Lafnitz;22,435
62278;Vorau;21,088
62279;Waldbach-Mönichwald;21,325
62311;Edelsbach bei Feldbach;21,24
62314;Eichkögl;20,574
62326;Halbenrain;22,31
62330;Jagerberg;19,203
62332;Kapfenstein;19,687
62335;Klöch;21,837
62343;Mettersdorf am Saßbach;18,502
62368;Tieschen;20,568
62372;Unterlamm;20,004
62375;Bad Gleichenberg;22,95
62376;Bad Radkersburg;25,733
62377;Deutsch Goritz;20,99
62378;Fehring;22,074
62379;Feldbach;23,866
62380;Gnas;19,323
62381;Kirchbach-Zerlach;21,485
62382;Kirchberg an der Raab;22,21
62383;Mureck;23,631
62384;Paldau;19,871
62385;Pirching am Traubenberg;22,85
62386;Riegersburg;20,96
62387;Sankt Anna am Aigen;20,04
62388;Sankt Peter am Ottersbach;19,938
62389;Sankt Stefan im Rosental;20,773
62390;Straden;21,115
70101;Innsbruck;28,939
70201;Arzl im Pitztal;22,474
70202;Haiming;24,117
70203;Imst;24,966
70204;Imsterberg;25,991
70205;Jerzens;22,011
70206;Karres;25,221
70207;Karrösten;25,127
70208;Längenfeld;21,624
70209;Mieming;28,112
70210;Mils bei Imst;24,638
70211;Mötz;28,317
70212;Nassereith;21,81
70213;Obsteig;25,022
70214;Oetz;23,479
70215;Rietz;23,888
70216;Roppen;24,448
70217;St. Leonhard im Pitztal;22,742
70218;Sautens;22,486
70219;Silz;24,951
70220;Sölden;22,587
70221;Stams;25,463
70222;Tarrenz;23,323
70223;Umhausen;20,513
70224;Wenns;21,043
70301;Absam;29,6
70302;Aldrans;34,09
70303;Ampass;28,221
70304;Axams;27,785
70305;Baumkirchen;27,147
70306;Birgitz;29,454
70307;Ellbögen;24,91
70308;Flaurling;25,472
70309;Fritzens;28,967
70310;Fulpmes;24,142
70311;Gnadenwald;29,399
70312;Götzens;30,062
70313;Gries am Brenner;24,573
70314;Gries im Sellrain;21,032
70315;Grinzens;26,375
70317;Gschnitz;22,567
70318;Hatting;26,12
70319;Inzing;26,774
70320;Kematen in Tirol;27,768
70322;Kolsass;26,794
70323;Kolsassberg;25,625
70325;Lans;36,681
70326;Leutasch;21,538
70327;Matrei am Brenner;28,471
70328;Mieders;27,667
70329;Mils;30,536
70330;Mühlbachl;23,033
70331;Mutters;30,161
70332;Natters;32,408
70333;Navis;24,418
70334;Neustift im Stubaital;22,229
70335;Oberhofen im Inntal;22,679
70336;Obernberg am Brenner;24,033
70337;Oberperfuss;26,08
70338;Patsch;30,989
70339;Pettnau;26,853
70340;Pfaffenhofen;26,572
70341;Pfons;28,984
70342;Polling in Tirol;27,634
70343;Ranggen;28,79
70344;Reith bei Seefeld;27,63
70345;Rinn;26,443
70346;Rum;28,549
70347;St. Sigmund im Sellrain;23,734
70348;Scharnitz;21,97
70349;Schmirn;24,423
70350;Schönberg im Stubaital;26,602
70351;Seefeld in Tirol;26,35
70352;Sellrain;24,655
70353;Sistrans;32,081
70354;Hall in Tirol;26,173
70355;Steinach am Brenner;27,404
70356;Telfes im Stubai;28,549
70357;Telfs;24,624
70358;Thaur;30,112
70359;Trins;26,448
70360;Tulfes;25,622
70361;Unterperfuss;23,722
70362;Vals;22,441
70364;Völs;30,829
70365;Volders;26,948
70366;Wattenberg;29,759
70367;Wattens;27,407
70368;Wildermieming;26,49
70369;Zirl;27,911
70401;Aurach bei Kitzbühel;23,5
70402;Brixen im Thale;23,059
70403;Fieberbrunn;23,64
70404;Going am Wilden Kaiser;21,293
70405;Hochfilzen;25,386
70406;Hopfgarten im Brixental;22,548
70407;Itter;21,871
70408;Jochberg;22,656
70409;Kirchberg in Tirol;22,613
70410;Kirchdorf in Tirol;23,452
70411;Kitzbühel;25,437
70412;Kössen;20,38
70413;Oberndorf in Tirol;23,263
70414;Reith bei Kitzbühel;22,549
70415;St. Jakob in Haus;22,2
70416;St. Johann in Tirol;24,628
70417;St. Ulrich am Pillersee;21,491
70418;Schwendt;18,397
70419;Waidring;23,439
70420;Westendorf;22,527
70501;Alpbach;21,026
70502;Angath;27,128
70503;Bad Häring;26,66
70504;Brandenberg;22,376
70505;Breitenbach am Inn;24,554
70506;Brixlegg;25,331
70508;Ebbs;21,019
70509;Ellmau;21,663
70510;Erl;16,978
70511;Kirchbichl;26,02
70512;Kramsach;27,242
70513;Kufstein;24,483
70514;Kundl;25,66
70515;Langkampfen;25,517
70516;Mariastein;26,138
70517;Münster;25,097
70518;Niederndorf;20,843
70519;Niederndorferberg;15,176
70520;Radfeld;24,224
70521;Rattenberg;27,582
70522;Reith im Alpbachtal;22,802
70523;Rettenschöss;16,104
70524;Scheffau am Wilden Kaiser;21,319
70525;Schwoich;24,609
70526;Söll;21,798
70527;Thiersee;21,662
70528;Angerberg;26,928
70529;Walchsee;19,911
70530;Wildschönau;20,707
70531;Wörgl;24,869
70601;Faggen;19,309
70602;Fendels;22,412
70603;Fiss;21,06
70604;Fließ;21,255
70605;Flirsch;23,865
70606;Galtür;22,531
70607;Grins;25,434
70608;Ischgl;28,555
70609;Kappl;22,478
70610;Kaunerberg;18,482
70611;Kaunertal;22,512
70612;Kauns;19,835
70613;Ladis;21,454
70614;Landeck;25,501
70615;Nauders;19,815
70616;Pettneu am Arlberg;24,413
70617;Pfunds;20,398
70618;Pians;25,921
70619;Prutz;26,717
70620;Ried im Oberinntal;22,909
70621;St. Anton am Arlberg;26,431
70622;Schönwies;26,218
70623;See;22,527
70624;Serfaus;24,071
70625;Spiss;10,153
70626;Stanz bei Landeck;27,766
70627;Strengen;25,469
70628;Tobadill;24,085
70629;Tösens;21,46
70630;Zams;27,609
70701;Abfaltersbach;22,505
70702;Ainet;23,152
70703;Amlach;23,075
70704;Anras;19,577
70705;Assling;21,939
70706;Außervillgraten;18,992
70707;Dölsach;23,742
70708;Gaimberg;27,147
70709;Hopfgarten in Defereggen;18,829
70710;Innervillgraten;16,977
70711;Iselsberg-Stronach;23,388
70712;Kals am Großglockner;20,338
70713;Kartitsch;20,535
70714;Lavant;23,504
70715;Leisach;24,843
70716;Lienz;26,528
70717;Matrei in Osttirol;20,798
70718;Nikolsdorf;22,596
70719;Nußdorf-Debant;24,942
70720;Oberlienz;22,862
70721;Obertilliach;20,213
70723;Prägraten am Großvenediger;18,629
70724;St. Jakob in Defereggen;20,79
70725;St. Johann im Walde;18,755
70726;St. Veit in Defereggen;21,476
70727;Schlaiten;21,224
70728;Sillian;21,416
70729;Strassen;21,054
70731;Thurn;25,064
70732;Tristach;23,999
70733;Untertilliach;15,57
70734;Virgen;19,622
70735;Heinfels;23,122
70801;Bach;20,694
70802;Berwang;20,758
70803;Biberwier;21,535
70804;Bichlbach;22,296
70805;Breitenwang;26,986
70806;Ehenbichl;25,646
70807;Ehrwald;21,237
70808;Elbigenalp;20,783
70809;Elmen;22,445
70810;Forchach;24,418
70811;Grän;22,533
70812;Gramais;22,79
70813;Häselgehr;21,834
70814;Heiterwang;26,552
70815;Hinterhornbach;19,357
70816;Höfen;24,93
70817;Holzgau;21,476
70818;Jungholz;14,678
70819;Kaisers;19,722
70820;Lechaschau;24,583
70821;Lermoos;24,805
70822;Musau;23,651
70823;Namlos;14,827
70824;Nesselwängle;20,465
70825;Pfafflar;21,993
70826;Pflach;24,337
70827;Pinswang;21,857
70828;Reutte;24,853
70829;Schattwald;19,328
70830;Stanzach;22,807
70831;Steeg;19,938
70832;Tannheim;20,822
70833;Vils;19,476
70834;Vorderhornbach;27,324
70835;Wängle;29,067
70836;Weißenbach am Lech;21,616
70837;Zöblen;18,259
70901;Achenkirch;21,905
70902;Aschau im Zillertal;20,327
70903;Brandberg;21,54
70904;Bruck am Ziller;23,088
70905;Buch in Tirol;27,262
70907;Eben am Achensee;25,413
70908;Finkenberg;22,473
70909;Fügen;23,513
70910;Fügenberg;21,699
70911;Gallzein;21,998
70912;Gerlos;22,616
70913;Gerlosberg;18,444
70914;Hainzenberg;21,893
70915;Hart im Zillertal;20,368
70916;Hippach;20,092
70917;Jenbach;26,075
70918;Kaltenbach;22,066
70920;Mayrhofen;24,762
70921;Pill;25,381
70922;Ramsau im Zillertal;21,795
70923;Ried im Zillertal;23,663
70924;Rohrberg;18,975
70925;Schlitters;21,417
70926;Schwaz;26,767
70927;Schwendau;20,665
70928;Stans;28,346
70929;Steinberg am Rofan;18,232
70930;Strass im Zillertal;24,725
70931;Stumm;23,207
70932;Stummerberg;18,85
70933;Terfens;28,075
70934;Tux;23,919
70935;Uderns;24,128
70936;Vomp;26,645
70937;Weer;27,976
70938;Weerberg;23,82
70939;Wiesing;26,168
70940;Zell am Ziller;25,834
70941;Zellberg;22,399
80101;Bartholomäberg;23,75
80102;Blons;22,377
80103;Bludenz;25,882
80104;Bludesch;23,7
80105;Brand;23,686
80106;Bürs;26,379
80107;Bürserberg;24,915
80108;Dalaas;24,507
80109;Fontanella;21,322
80110;Gaschurn;26,392
80111;Innerbraz;23,176
80112;Klösterle;27,265
80113;Lech;32,362
80114;Lorüns;30,175
80115;Ludesch;23,108
80116;Nenzing;23,031
80117;Nüziders;28,15
80118;Raggal;19,803
80119;St. Anton im Montafon;26,149
80120;St. Gallenkirch;24,48
80121;St. Gerold;21,607
80122;Schruns;26,309
80123;Silbertal;22,471
80124;Sonntag;19,751
80125;Stallehr;22,843
80126;Thüringen;26,178
80127;Thüringerberg;21,856
80128;Tschagguns;25,606
80129;Vandans;25,78
80201;Alberschwende;23,674
80202;Andelsbuch;23,014
80203;Au;23,057
80204;Bezau;23,532
80205;Bildstein;25,34
80206;Bizau;21,036
80207;Bregenz;26,189
80208;Buch;24,517
80209;Damüls;24,627
80210;Doren;23,956
80211;Egg;23,692
80212;Eichenberg;23,178
80213;Fußach;23,887
80214;Gaißau;18,657
80215;Hard;25,034
80216;Hittisau;21,145
80217;Höchst;23,192
80218;Hörbranz;22,503
80219;Hohenweiler;23,282
80220;Kennelbach;25,267
80221;Krumbach;20,772
80222;Langen bei Bregenz;24,757
80223;Langenegg;22,174
80224;Lauterach;25,89
80225;Lingenau;25,049
80226;Lochau;25,451
80227;Mellau;23,122
80228;Mittelberg;22,479
80229;Möggers;21,572
80230;Reuthe;21,868
80231;Riefensberg;19,466
80232;Schnepfau;21,656
80233;Schoppernau;24,383
80234;Schröcken;26,174
80235;Schwarzach;28,11
80236;Schwarzenberg;23,005
80237;Sibratsgfäll;21,773
80238;Sulzberg;20,41
80239;Warth;22,212
80240;Wolfurt;26,124
80301;Dornbirn;25,254
80302;Hohenems;22,415
80303;Lustenau;22,591
80401;Altach;22,917
80402;Düns;22,636
80403;Dünserberg;15,736
80404;Feldkirch;23,536
80405;Frastanz;22,048
80406;Fraxern;21,975
80407;Göfis;23,803
80408;Götzis;22,94
80409;Klaus;25,12
80410;Koblach;22,773
80411;Laterns;20,464
80412;Mäder;20,983
80413;Meiningen;20,123
80414;Rankweil;23,46
80415;Röns;24,324
80416;Röthis;24,37
80417;Satteins;22,888
80418;Schlins;23,601
80419;Schnifis;23,901
80420;Sulz;23,006
80421;Übersaxen;20,26
80422;Viktorsberg;25,237
80423;Weiler;23,333
80424;Zwischenwasser;23,19
90101;Wien-Innere Stadt;41,355
90201;Wien-Leopoldstadt;26,757
90301;Wien-Landstraße;30,498
90401;Wien-Wieden;33,894
90501;Wien-Margareten;26,334
90601;Wien-Mariahilf;30,27
90701;Wien-Neubau;31,591
90801;Wien-Josefstadt;35,697
90901;Wien-Alsergrund;33,337
91001;Wien-Favoriten;26,429
91101;Wien-Simmering;26,138
91201;Wien-Meidling;27,344
91301;Wien-Hietzing;37,444
91401;Wien-Penzing;31,029
91501;Wien-Rudolfsheim-Fünfhaus;24,218
91601;Wien-Ottakring;27,23
91701;Wien-Hernals;30,438
91801;Wien-Währing;35,529
91901;Wien-Döbling;35,804
92001;Wien-Brigittenau;25,299
92101;Wien-Floridsdorf;28,353
92201;Wien-Donaustadt;28,934
92301;Wien-Liesing;31,833