municipality_id;municipality_name;sh_pop_foreign;pop_foreign
10101;Eisenstadt;15,67;2.334
10201;Rust;7,9;158
10301;Breitenbrunn am Neusiedler See;6,64;125
10302;Donnerskirchen;6,79;125
10303;Großhöflein;6,27;133
10304;Hornstein;11,78;374
10305;Klingenbach;18,15;222
10306;Leithaprodersdorf;5,09;62
10307;Mörbisch am See;7,85;175
10308;Müllendorf;6,21;86
10309;Neufeld an der Leitha;9,37;336
10310;Oggau am Neusiedler See;3,91;68
10311;Oslip;7,95;101
10312;Purbach am Neusiedler See;6,48;188
10313;Sankt Margarethen im Burgenland;4,17;112
10314;Schützen am Gebirge;9,32;132
10315;Siegendorf;15,52;484
10316;Steinbrunn;9,14;268
10317;Trausdorf an der Wulka;7,55;156
10318;Wimpassing an der Leitha;9,22;157
10319;Wulkaprodersdorf;12,11;240
10320;Loretto;3,36;16
10321;Stotzing;8,26;68
10322;Zillingtal;10,7;106
10323;Zagersdorf;12,08;133
10401;Bocksdorf;3,68;30
10402;Burgauberg-Neudauberg;5,17;69
10403;Eberau;11,53;107
10404;Gerersdorf-Sulz;7,28;73
10405;Güssing;10,94;401
10406;Güttenbach;9,4;83
10407;Heiligenbrunn;5,11;38
10408;Kukmirn;6,47;130
10409;Neuberg im Burgenland;3,41;33
10410;Neustift bei Güssing;6,5;29
10411;Olbendorf;5,77;84
10412;Ollersdorf im Burgenland;4,67;43
10413;Sankt Michael im Burgenland;7,19;71
10414;Stegersbach;11,16;300
10415;Stinatz;14,2;173
10416;Strem;7;61
10417;Tobaj;7,68;103
10418;Hackerberg;7,69;28
10419;Wörterberg;3,55;17
10420;Großmürbisch;5,11;12
10421;Inzenhof;7,88;26
10422;Kleinmürbisch;1,75;4
10423;Tschanigraben;2,99;2
10424;Heugraben;6,17;14
10425;Rohr im Burgenland;3,96;15
10426;Bildein;13,17;44
10427;Rauchwart;5,43;25
10428;Moschendorf;6,74;26
10501;Deutsch Kaltenbrunn;3,97;68
10502;Eltendorf;6,77;61
10503;Heiligenkreuz im Lafnitztal;12,92;163
10504;Jennersdorf;6,16;254
10505;Minihof-Liebau;6,57;70
10506;Mogersdorf;11,32;130
10507;Neuhaus am Klausenbach;7,28;67
10508;Rudersdorf;4,66;100
10509;Sankt Martin an der Raab;3,82;75
10510;Weichselbaum;6,08;43
10511;Königsdorf;5,27;41
10512;Mühlgraben;3,92;15
10601;Draßburg;12,48;153
10602;Forchtenstein;6,04;169
10603;Hirm;12,45;126
10604;Loipersbach im Burgenland;8,83;106
10605;Marz;7,45;156
10606;Mattersburg;10,61;800
10607;Neudörfl;13,6;651
10608;Pöttelsdorf;4,56;35
10609;Pöttsching;6,68;200
10610;Rohrbach bei Mattersburg;8,55;225
10611;Bad Sauerbrunn;8,13;184
10612;Schattendorf;6,24;147
10613;Sieggraben;6,24;78
10614;Sigleß;5,97;68
10615;Wiesen;5,97;161
10616;Antau;7,55;58
10617;Baumgarten;10,06;89
10618;Zemendorf-Stöttera;9,03;114
10619;Krensdorf;6,71;43
10701;Andau;6,05;137
10702;Apetlon;2;35
10703;Bruckneudorf;9,96;304
10704;Deutsch Jahrndorf;19,33;121
10705;Frauenkirchen;9,57;273
10706;Gattendorf;20,82;294
10707;Gols;6,95;274
10708;Halbturn;4,16;80
10709;Illmitz;4,63;110
10710;Jois;9,42;153
10711;Kittsee;51,02;1.744
10712;Mönchhof;5,15;114
10713;Neusiedl am See;15,15;1.309
10714;Nickelsdorf;22,39;405
10715;Pama;20,21;249
10716;Pamhagen;3,38;53
10717;Parndorf;19,7;997
10718;Podersdorf am See;6,77;144
10719;Sankt Andrä am Zicksee;6,03;84
10720;Tadten;6,62;77
10721;Wallern im Burgenland;5,26;88
10722;Weiden am See;8,67;219
10723;Winden am See;7,07;96
10724;Zurndorf;15,92;363
10725;Neudorf;9,23;65
10726;Potzneusiedl;19,42;121
10727;Edelstal;32,1;251
10801;Deutschkreutz;8,19;255
10802;Draßmarkt;7,22;99
10803;Frankenau-Unterpullendorf;7,51;80
10804;Großwarasdorf;9,23;125
10805;Horitschon;7,59;138
10806;Kaisersdorf;7,05;43
10807;Kobersdorf;3,83;72
10808;Lackenbach;9,19;106
10809;Lockenhaus;7,04;142
10810;Lutzmannsburg;10,33;87
10811;Mannersdorf an der Rabnitz;8,46;151
10812;Markt Sankt Martin;6,86;86
10813;Neckenmarkt;3,28;55
10814;Neutal;7,61;83
10815;Nikitsch;8,99;126
10816;Oberpullendorf;12,07;394
10817;Pilgersdorf;2,96;48
10818;Piringsdorf;2,92;25
10819;Raiding;2,66;24
10820;Ritzing;7,79;70
10821;Steinberg-Dörfl;5;64
10822;Stoob;7,96;109
10823;Weppersdorf;4,41;80
10824;Lackendorf;6,53;38
10825;Unterfrauenhaid;5,9;38
10826;Unterrabnitz-Schwendgraben;3,13;20
10827;Weingraben;13,52;48
10828;Oberloisdorf;4,29;34
10901;Bad Tatzmannsdorf;10,75;172
10902;Bernstein;5,34;111
10903;Deutsch Schützen-Eisenberg;6;65
10904;Grafenschachen;4,72;59
10905;Großpetersdorf;8,59;305
10906;Hannersdorf;7,1;53
10907;Kemeten;6,29;94
10908;Kohfidisch;5,66;82
10909;Litzelsdorf;4,85;55
10910;Loipersdorf-Kitzladen;4,8;65
10911;Mariasdorf;2,37;27
10912;Markt Allhau;4,81;90
10913;Markt Neuhodis;7,13;47
10914;Mischendorf;3,34;51
10915;Oberdorf im Burgenland;4,85;49
10916;Oberschützen;10,4;255
10917;Oberwart;15,17;1.162
10918;Pinkafeld;10,35;609
10919;Rechnitz;8,78;258
10920;Riedlingsdorf;7,65;126
10921;Rotenturm an der Pinka;8,37;120
10922;Schachendorf;18,74;140
10923;Stadtschlaining;8,08;162
10924;Unterkohlstätten;4,49;45
10925;Unterwart;19,08;183
10926;Weiden bei Rechnitz;5,54;46
10927;Wiesfleck;1,55;18
10928;Wolfau;5,23;75
10929;Neustift an der Lafnitz;1,74;14
10930;Jabing;9,55;72
10931;Badersdorf;1,39;4
10932;Schandorf;15,15;40
20101;Klagenfurt am Wörthersee;17,76;18.073
20201;Villach;20,76;13.130
20302;Dellach;5,45;66
20305;Hermagor-Pressegger See;11,92;824
20306;Kirchbach;4,79;121
20307;Kötschach-Mauthen;8,07;268
20316;St. Stefan im Gailtal;6,9;108
20320;Gitschtal;10,32;128
20321;Lesachtal;3,76;48
20402;Ebenthal in Kärnten;8,49;688
20403;Feistritz im Rosental;11,07;276
20405;Ferlach;14,11;1.017
20409;Grafenstein;7,8;234
20412;Keutschach am See;7,97;193
20414;Köttmannsdorf;8,66;270
20415;Krumpendorf am Wörthersee;12,01;421
20416;Ludmannsdorf;5,27;95
20417;Maria Rain;8,89;234
20418;Maria Saal;6,52;254
20419;Maria Wörth;12,25;198
20421;Moosburg;4,97;222
20424;Pörtschach am Wörther See;13,01;372
20425;Poggersdorf;4,09;133
20428;St. Margareten im Rosental;4,85;53
20432;Schiefling am Wörthersee;13,3;352
20435;Techelsberg am Wörther See;7,77;171
20441;Zell;3,3;20
20442;Magdalensberg;6,99;251
20501;Althofen;6,71;315
20502;Brückl;6,27;172
20503;Deutsch-Griffen;4,88;43
20504;Eberstein;5,92;72
20505;Friesach;3,71;181
20506;Glödnitz;5,77;47
20508;Gurk;3,29;39
20509;Guttaring;5,2;77
20511;Hüttenberg;5,32;71
20512;Kappel am Krappfeld;5,83;114
20513;Klein St. Paul;2,41;42
20515;Liebenfels;5,65;192
20518;Metnitz;2,81;54
20519;Micheldorf;6,31;63
20520;Mölbling;4,16;56
20523;St. Georgen am Längsee;5,72;204
20527;St. Veit an der Glan;12,95;1.578
20530;Straßburg;4,12;82
20531;Weitensfeld im Gurktal;5,27;106
20534;Frauenstein;4,69;166
20601;Bad Kleinkirchheim;19,37;325
20602;Baldramsdorf;4,66;86
20603;Berg im Drautal;4,06;51
20604;Dellach im Drautal;5,13;82
20605;Großkirchheim;5,5;72
20607;Flattach;5,49;65
20608;Gmünd in Kärnten;3,35;85
20609;Greifenburg;7,86;136
20610;Heiligenblut am Großglockner;5,03;49
20611;Irschen;3,81;74
20613;Kleblach-Lind;2,4;28
20616;Lendorf;3,83;65
20618;Mallnitz;13,69;105
20619;Malta;3,57;69
20620;Millstatt am See;11,54;399
20622;Mörtschach;2,42;20
20624;Mühldorf;6,43;64
20625;Oberdrauburg;8,47;100
20627;Obervellach;7,61;165
20630;Radenthein;8,67;500
20631;Rangersdorf;4,3;73
20632;Rennweg am Katschberg;3,81;66
20633;Sachsenburg;10,03;134
20634;Seeboden am Millstätter See;8,97;591
20635;Spittal an der Drau;13,95;2.113
20636;Stall;2,14;32
20637;Steinfeld;6,34;128
20638;Trebesing;6,64;79
20639;Weißensee;8,82;68
20640;Winklern;4,42;53
20642;Krems in Kärnten;4,5;75
20643;Lurnfeld;4,28;114
20644;Reißeck;5,66;119
20701;Afritz am See;4,26;61
20702;Arnoldstein;14,11;993
20703;Arriach;3,39;45
20705;Bad Bleiberg;10,68;234
20707;Feistritz an der Gail;2,85;18
20708;Feld am See;6,85;74
20710;Ferndorf;6,17;128
20711;Finkenstein am Faaker See;11,03;1.009
20712;Fresach;3,52;44
20713;Hohenthurn;12,77;107
20719;Nötsch im Gailtal;6,77;155
20720;Paternion;6,63;385
20721;Rosegg;7,42;137
20722;St. Jakob im Rosental;9,3;398
20723;Stockenboi;3,6;58
20724;Treffen am Ossiacher See;9,84;446
20725;Velden am Wörther See;13,18;1.200
20726;Weißenstein;5,56;163
20727;Wernberg;7,1;391
20801;Bleiburg;15,08;614
20802;Diex;5,55;44
20803;Eberndorf;8,06;471
20804;Eisenkappel-Vellach;10,63;237
20805;Feistritz ob Bleiburg;10,35;227
20806;Gallizien;5,64;99
20807;Globasnitz;6,09;97
20808;Griffen;6,11;210
20810;Neuhaus;4,26;43
20812;Ruden;5,99;92
20813;St. Kanzian am Klopeiner See;11,63;529
20815;Sittersdorf;7,09;139
20817;Völkermarkt;8;869
20901;Bad St. Leonhard im Lavanttal;4,74;205
20905;Frantschach-St. Gertraud;10,89;274
20909;Lavamünd;5,54;159
20911;Preitenegg;3,21;30
20912;Reichenfels;2,35;42
20913;St. Andrä;4,64;457
20914;St. Georgen im Lavanttal;2,06;40
20918;St. Paul im Lavanttal;3,86;125
20923;Wolfsberg;7,67;1.921
21001;Albeck;6,31;61
21002;Feldkirchen in Kärnten;8,02;1.146
21003;Glanegg;5,24;94
21004;Gnesau;8,51;87
21005;Himmelberg;5,53;127
21006;Ossiach;17,64;139
21007;Reichenau;9,39;167
21008;St. Urban;11,24;170
21009;Steindorf am Ossiacher See;10,41;391
21010;Steuerberg;3,67;58
30101;Krems an der Donau;18,14;4.505
30201;St. Pölten;18,5;10.335
30301;Waidhofen an der Ybbs;7,03;783
30401;Wiener Neustadt;19,47;9.043
30501;Allhartsberg;2,2;48
30502;Amstetten;16,96;3.998
30503;Ardagger;3,42;121
30504;Aschbach-Markt;7,85;297
30506;Behamberg;4,69;162
30507;Biberbach;1,66;38
30508;Ennsdorf;11,41;353
30509;Ernsthofen;4,24;97
30510;Ertl;0,79;10
30511;Euratsfeld;2,35;63
30512;Ferschnitz;1,69;31
30514;Haag;6,4;362
30515;Haidershofen;4,42;164
30516;Hollenstein an der Ybbs;5,5;92
30517;Kematen an der Ybbs;13,97;373
30520;Neuhofen an der Ybbs;3,2;96
30521;Neustadtl an der Donau;3,08;66
30522;Oed-Oehling;6,95;137
30524;Opponitz;5,83;51
30526;St. Georgen am Reith;1,65;9
30527;St. Georgen am Ybbsfelde;6,25;183
30529;St. Pantaleon-Erla;5,62;150
30530;St. Peter in der Au;4,07;210
30531;St. Valentin;8,18;762
30532;Seitenstetten;4,78;164
30533;Sonntagberg;6,83;257
30534;Strengberg;4,58;97
30536;Viehdorf;3,89;53
30538;Wallsee-Sindelburg;6,02;132
30539;Weistrach;2,06;47
30541;Winklarn;5,64;104
30542;Wolfsbach;3,83;79
30543;Ybbsitz;2,4;81
30544;Zeillern;2,19;41
30601;Alland;11,82;308
30602;Altenmarkt an der Triesting;12,24;253
30603;Bad Vöslau;16,8;2.069
30604;Baden;17,77;4.587
30605;Berndorf;17,93;1.627
30607;Ebreichsdorf;13,38;1.528
30608;Enzesfeld-Lindabrunn;9,82;415
30609;Furth an der Triesting;4,28;37
30612;Günselsdorf;13,32;226
30613;Heiligenkreuz;14,43;221
30614;Hernstein;5,04;79
30615;Hirtenberg;23,59;605
30616;Klausen-Leopoldsdorf;6,62;113
30618;Kottingbrunn;12,31;899
30620;Leobersdorf;14,56;720
30621;Mitterndorf an der Fischa;14,64;432
30623;Oberwaltersdorf;11,22;545
30625;Pfaffstätten;11,91;426
30626;Pottendorf;13,21;967
30627;Pottenstein;13,91;402
30629;Reisenberg;11,66;204
30631;Schönau an der Triesting;10,39;222
30633;Seibersdorf;5,36;82
30635;Sooß;16,79;175
30636;Tattendorf;11,11;160
30637;Teesdorf;11,08;200
30639;Traiskirchen;16,01;3.006
30641;Trumau;15,98;594
30645;Weissenbach an der Triesting;10,8;186
30646;Blumau-Neurißhof;12,27;232
30701;Au am Leithaberge;7,47;71
30702;Bad Deutsch-Altenburg;23,82;454
30703;Berg;39,93;365
30704;Bruck an der Leitha;17,78;1.450
30706;Enzersdorf an der Fischa;10,99;376
30708;Göttlesbrunn-Arbesthal;7,38;107
30709;Götzendorf an der Leitha;14,95;321
30710;Hainburg a.d. Donau;39,18;2.733
30711;Haslau-Maria Ellend;11,4;232
30712;Höflein;5,11;63
30713;Hof am Leithaberge;11,93;190
30715;Hundsheim;9,67;62
30716;Mannersdorf am Leithagebirge;18,71;769
30718;Petronell-Carnuntum;15,13;192
30719;Prellenkirchen;17,28;280
30721;Rohrau;11,47;188
30722;Scharndorf;9,73;117
30724;Sommerein;7,51;158
30726;Trautmannsdorf an der Leitha;9,55;287
30728;Wolfsthal;46,17;543
30729;Ebergassing;19,45;779
30730;Fischamend;16,46;918
30731;Gramatneusiedl;17,83;649
30732;Himberg;12,14;919
30733;Klein-Neusiedl;19,9;193
30734;Lanzendorf;13,33;254
30735;Leopoldsdorf;11,16;586
30736;Maria-Lanzendorf;13,27;286
30737;Moosbrunn;10,29;183
30738;Rauchenwarth;7,48;58
30739;Schwadorf;15,5;344
30740;Schwechat;23,25;4.737
30741;Zwölfaxing;12,22;213
30801;Aderklaa;9,09;18
30802;Andlersdorf;2,36;3
30803;Angern an der March;12,17;418
30804;Auersthal;12,23;236
30805;Bad Pirawarth;6,6;117
30808;Deutsch-Wagram;13,35;1.204
30810;Drösing;6,78;75
30811;Dürnkrut;7,02;158
30812;Ebenthal;9,75;88
30813;Eckartsau;15,23;206
30814;Engelhartstetten;12,57;263
30817;Gänserndorf;15,07;1.783
30819;Glinzendorf;11,85;39
30821;Groß-Enzersdorf;12,32;1.446
30822;Großhofen;23,58;25
30824;Groß-Schweinbarth;10,59;139
30825;Haringsee;9,06;106
30826;Hauskirchen;7,17;92
30827;Hohenau an der March;14,22;392
30828;Hohenruppersdorf;4,13;39
30829;Jedenspeigen;5,88;65
30830;Lassee;13,48;398
30831;Leopoldsdorf im Marchfelde;12,79;370
30834;Mannsdorf an der Donau;12,96;46
30835;Marchegg;19,51;583
30836;Markgrafneusiedl;7,74;69
30838;Matzen-Raggendorf;11,71;326
30841;Neusiedl an der Zaya;7,07;87
30842;Obersiebenbrunn;10;175
30844;Orth an der Donau;10,26;223
30845;Palterndorf-Dobermannsdorf;8,95;120
30846;Parbasdorf;2,31;4
30848;Prottes;11,85;172
30849;Raasdorf;20;133
30850;Ringelsdorf-Niederabsdorf;6,4;79
30852;Schönkirchen-Reyersdorf;10,99;218
30854;Spannberg;6,08;60
30856;Strasshof an der Nordbahn;15,61;1.730
30857;Sulz im Weinviertel;6,49;78
30858;Untersiebenbrunn;10,63;188
30859;Velm-Götzendorf;6,93;53
30860;Weikendorf;10,77;220
30863;Zistersdorf;7,17;384
30865;Weiden an der March;13,6;134
30902;Amaliendorf-Aalfang;4,36;47
30903;Brand-Nagelberg;5,93;88
30904;Eggern;1,05;7
30906;Eisgarn;2,79;19
30908;Gmünd;13,55;710
30909;Großdietmanns;2,9;64
30910;Bad Großpertholz;2,68;35
30912;Großschönau;1,72;21
30913;Moorbad Harbach;4,58;33
30915;Haugschlag;5,05;24
30916;Heidenreichstein;4,04;157
30917;Hirschbach;1,02;6
30920;Hoheneich;4,61;64
30921;Kirchberg am Walde;2,61;34
30925;Litschau;3,92;86
30929;Reingers;1,79;11
30932;St. Martin;2,42;26
30935;Schrems;6,74;361
30939;Unserfrau-Altweitra;1,92;19
30940;Waldenstein;1,61;19
30942;Weitra;3,04;80
31001;Alberndorf im Pulkautal;2,55;19
31008;Göllersdorf;8,61;268
31009;Grabern;9,05;157
31014;Guntersdorf;4,41;51
31015;Hadres;3,41;58
31016;Hardegg;5,35;70
31018;Haugsdorf;4,95;79
31019;Heldenberg;4,82;67
31021;Hohenwarth-Mühlbach a.M.;4,55;60
31022;Hollabrunn;10,29;1.229
31025;Mailberg;5,52;32
31026;Maissau;3,92;76
31028;Nappersdorf-Kammersdorf;5,99;72
31033;Pernersdorf;3,27;34
31035;Pulkau;4,05;61
31036;Ravelsbach;4,84;79
31037;Retz;6,3;267
31038;Retzbach;6,03;61
31041;Schrattenthal;2,91;26
31042;Seefeld-Kadolz;5,6;55
31043;Sitzendorf an der Schmida;3,36;72
31051;Wullersdorf;3,69;88
31052;Zellerndorf;2,6;63
31053;Ziersdorf;4,25;142
31101;Altenburg;4,24;34
31102;Brunn an der Wild;2,96;25
31103;Burgschleinitz-Kühnring;2,47;33
31104;Drosendorf-Zissersdorf;3,89;47
31105;Eggenburg;5,6;194
31106;Gars am Kamp;4,75;165
31107;Geras;3,07;39
31109;Horn;8,78;563
31110;Irnfritz-Messern;1,61;23
31111;Japons;2,68;19
31113;Langau;4,08;28
31114;Meiseldorf;1,28;11
31117;Pernegg;1,99;14
31119;Röhrenbach;1,17;6
31120;Röschitz;2,45;26
31121;Rosenburg-Mold;8,15;69
31123;St. Bernhard-Frauenhofen;1,85;24
31124;Sigmundsherberg;2,27;38
31129;Weitersfeld;2,54;39
31130;Straning-Grafenberg;2,95;21
31201;Bisamberg;9,48;458
31202;Enzersfeld im Weinviertel;6,34;113
31203;Ernstbrunn;7,43;243
31204;Großmugl;4,86;79
31205;Großrußbach;6,36;142
31206;Hagenbrunn;12,02;284
31207;Harmannsdorf;5,19;209
31208;Hausleiten;6,37;245
31213;Korneuburg;16,11;2.148
31214;Langenzersdorf;10,22;826
31215;Leitzersdorf;4,35;50
31216;Leobendorf;7,58;377
31224;Rußbach;3,93;55
31226;Sierndorf;5,54;221
31227;Spillern;9,74;239
31228;Stetteldorf am Wagram;4,97;52
31229;Stetten;5,58;76
31230;Stockerau;14,65;2.459
31234;Niederhollabrunn;6,33;98
31235;Gerasdorf bei Wien;12,86;1.500
31301;Aggsbach;5,6;36
31302;Albrechtsberg an der Großen Krems;2,59;26
31303;Bergern im Dunkelsteinerwald;2,08;27
31304;Dürnstein;4,83;40
31308;Grafenegg;6,98;223
31309;Furth bei Göttweig;7,73;229
31310;Gedersdorf;6,8;145
31311;Gföhl;3,82;144
31315;Hadersdorf-Kammern;6,26;123
31319;Jaidhof;3,93;48
31321;Krumau am Kamp;3,72;28
31322;Langenlois;7,14;533
31323;Lengenfeld;4,01;57
31324;Lichtenau im Waldviertel;1,99;41
31326;Maria Laach am Jauerling;3,16;29
31327;Mautern an der Donau;7,12;248
31330;Mühldorf;4,56;58
31333;Paudorf;5,32;137
31336;Rastenfeld;3,12;50
31337;Rohrendorf bei Krems;9,04;192
31338;Rossatz-Arnsdorf;6,56;70
31340;St. Leonhard am Hornerwald;3,12;34
31343;Senftenberg;8,41;162
31344;Spitz;6,39;100
31346;Straß im Straßertale;7,14;125
31347;Stratzing;6,84;62
31350;Weinzierl am Walde;1,53;19
31351;Weißenkirchen in der Wachau;3,36;47
31355;Schönberg am Kamp;4,38;82
31356;Droß;4,52;47
31401;Annaberg;7,84;40
31402;Eschenau;6,95;91
31403;Hainfeld;10,94;411
31404;Hohenberg;7,6;111
31405;Kaumberg;9,16;98
31406;Kleinzell;5,62;48
31407;Lilienfeld;15,14;399
31408;Mitterbach am Erlaufsee;6,89;33
31409;Ramsau;10,47;87
31410;Rohrbach an der Gölsen;4,55;70
31411;St. Aegyd am Neuwalde;5,67;104
31412;St. Veit an der Gölsen;6,73;259
31413;Traisen;19,12;661
31414;Türnitz;4,6;87
31502;Artstetten-Pöbring;3,06;38
31503;Bergland;4,7;90
31504;Bischofstetten;5,83;72
31505;Blindenmarkt;11,82;322
31506;Dorfstetten;1,38;8
31507;Dunkelsteinerwald;3,5;84
31508;Erlauf;6,4;70
31509;Golling an der Erlauf;11,31;169
31511;Hofamt Priel;3,81;66
31513;Hürm;4,58;85
31514;Kilb;3,18;82
31515;Kirnberg an der Mank;1,54;17
31516;Klein-Pöchlarn;8;85
31517;Krummnußbaum;6,91;107
31519;Leiben;5,46;74
31520;Loosdorf;7;268
31521;Mank;6,24;201
31522;Marbach an der Donau;8,77;148
31523;Maria Taferl;7,07;65
31524;Melk;14,99;839
31525;Münichreith-Laimbach;3,05;51
31527;Neumarkt an der Ybbs;7,49;151
31528;Nöchling;3,09;32
31530;Persenbeug-Gottsdorf;5,8;125
31531;Petzenkirchen;15,52;225
31533;Pöchlarn;13,36;527
31534;Pöggstall;4,17;101
31535;Raxendorf;1,54;16
31537;Ruprechtshofen;4,79;110
31539;St. Leonhard am Forst;3,21;98
31540;St. Martin-Karlsbach;1,98;32
31541;St. Oswald;2,95;33
31542;Schönbühel-Aggsbach;4,99;48
31543;Schollach;3,6;37
31546;Weiten;4,14;46
31549;Ybbs an der Donau;15,97;889
31550;Zelking-Matzleinsdorf;3,7;45
31551;Texingtal;3,22;53
31552;Yspertal;2,19;44
31553;Emmersdorf an der Donau;5,36;94
31601;Altlichtenwarth;9,47;71
31603;Asparn an der Zaya;4,95;93
31604;Bernhardsthal;9,59;152
31605;Bockfließ;11,6;154
31606;Drasenhofen;9,99;109
31608;Falkenstein;7,58;37
31609;Fallbach;3,99;32
31611;Gaubitsch;2,41;21
31612;Gaweinstal;9,05;364
31613;Gnadendorf;2,78;32
31614;Großebersdorf;8,27;184
31615;Großengersdorf;11,92;176
31616;Großharras;2,35;26
31617;Großkrut;3,9;64
31620;Hausbrunn;14,12;123
31621;Herrnbaumgarten;7,51;71
31622;Hochleithen;4,49;51
31627;Kreuttal;6,2;91
31628;Kreuzstetten;4,9;77
31629;Laa an der Thaya;6,4;400
31630;Ladendorf;5,13;118
31633;Mistelbach;7,86;911
31634;Neudorf im Weinviertel;3,17;44
31636;Niederleis;3,54;31
31642;Pillichsdorf;5,42;64
31644;Poysdorf;9,07;499
31645;Rabensburg;10,54;115
31646;Schrattenberg;7,67;64
31649;Staatz;3,6;69
31650;Stronsdorf;3,91;63
31651;Ulrichskirchen-Schleinbach;7,72;203
31652;Unterstinkenbrunn;2,7;15
31653;Wildendürnbach;5,29;82
31654;Wilfersdorf;6,07;127
31655;Wolkersdorf im Weinviertel;9,66;709
31658;Ottenthal;3,91;21
31701;Achau;8,77;123
31702;Biedermannsdorf;11,16;350
31703;Breitenfurt bei Wien;10,81;637
31704;Brunn am Gebirge;14,75;1.774
31706;Gaaden;8,97;148
31707;Gießhübl;8,29;197
31709;Gumpoldskirchen;10,94;429
31710;Guntramsdorf;14,36;1.314
31711;Hennersdorf;7,4;114
31712;Hinterbrühl;12,6;497
31713;Kaltenleutgeben;11,79;395
31714;Laab im Walde;9,87;110
31715;Laxenburg;14,84;429
31716;Maria Enzersdorf;13,43;1.163
31717;Mödling;17,79;3.657
31718;Münchendorf;8,77;270
31719;Perchtoldsdorf;9,59;1.436
31723;Vösendorf;14,97;1.104
31725;Wiener Neudorf;13,2;1.229
31726;Wienerwald;6,88;199
31801;Altendorf;3,36;12
31802;Aspang-Markt;3,23;57
31803;Aspangberg-St. Peter;2,07;39
31804;Breitenau;5,05;79
31805;Breitenstein;8,88;27
31806;Buchbach;3,53;13
31807;Edlitz;5,96;53
31808;Enzenreith;4,99;99
31809;Feistritz am Wechsel;2,04;21
31810;Gloggnitz;12,69;738
31811;Grafenbach-St. Valentin;6,65;150
31812;Grimmenstein;4,86;64
31813;Grünbach am Schneeberg;10,89;173
31814;Kirchberg am Wechsel;4,06;99
31815;Mönichkirchen;3,4;21
31817;Natschbach-Loipersbach;6,02;103
31818;Neunkirchen;18,6;2.347
31820;Otterthal;3,46;20
31821;Payerbach;9,2;189
31823;Pitten;6,75;194
31825;Prigglitz;7,57;32
31826;Puchberg am Schneeberg;6,61;177
31827;Raach am Hochgebirge;2,65;8
31829;Reichenau an der Rax;10,34;266
31830;St. Corona am Wechsel;5,78;23
31831;St. Egyden am Steinfeld;4,89;104
31832;Scheiblingkirchen-Thernberg;3,19;61
31833;Schottwien;11,72;77
31834;Schrattenbach;6,15;24
31835;Schwarzau am Steinfeld;7,09;145
31836;Schwarzau im Gebirge;12,09;74
31837;Seebenstein;4,49;66
31838;Semmering;20,11;108
31839;Ternitz;11,39;1.667
31840;Thomasberg;2,15;27
31841;Trattenbach;3,23;17
31842;Bürg-Vöstenhof;4,32;7
31843;Warth;4,18;63
31844;Wartmannstetten;4,12;67
31845;Willendorf;7,43;73
31846;Wimpassing im Schwarzatale;18,21;291
31847;Würflach;4,19;67
31848;Zöbern;3,09;43
31849;Höflein an der Hohen Wand;5,51;49
31901;Altlengbach;9,26;289
31902;Asperhofen;8,21;186
31903;Böheimkirchen;8,26;423
31904;Brand-Laaben;5,89;75
31905;Eichgraben;11,67;549
31906;Frankenfels;2,43;47
31907;Gerersdorf;7;71
31909;Hofstetten-Grünau;3,52;95
31910;Hafnerbach;5,03;83
31911;Haunoldstein;9,19;114
31912;Herzogenburg;11,71;916
31913;Inzersdorf-Getzersdorf;4,79;77
31915;Kapelln;5,28;72
31916;Karlstetten;4,36;95
31917;Kasten bei Böheimkirchen;3,04;42
31918;Kirchberg an der Pielach;3,73;118
31919;Kirchstetten;5,15;113
31920;Loich;2,41;14
31921;Maria-Anzbach;8,04;242
31922;Markersdorf-Haindorf;7,43;155
31923;Michelbach;6,36;55
31925;Neidling;3,69;55
31926;Neulengbach;9,32;778
31927;Neustift-Innermanzing;6,52;103
31928;Nußdorf ob der Traisen;3,51;64
31929;Ober-Grafendorf;9,57;439
31930;Obritzberg-Rust;5,34;125
31932;Prinzersdorf;10,95;172
31934;Pyhra;7,28;265
31935;Rabenstein an der Pielach;4,97;125
31938;St. Margarethen an der Sierning;3,46;35
31939;Schwarzenbach an der Pielach;2,93;11
31940;Statzendorf;7,92;113
31941;Stössing;7,23;61
31943;Traismauer;11,78;753
31945;Weinburg;2,49;35
31946;Perschling;5,59;80
31947;Wilhelmsburg;11,69;769
31948;Wölbling;9,23;231
31949;Gablitz;12,29;617
31950;Mauerbach;8,62;308
31951;Pressbaum;12,99;1.008
31952;Purkersdorf;14,81;1.465
31953;Tullnerbach;11,02;322
31954;Wolfsgraben;8,58;151
32001;Gaming;6,86;204
32002;Göstling an der Ybbs;3,73;74
32003;Gresten;8,03;159
32004;Gresten-Land;1,61;24
32005;Lunz am See;3,23;58
32006;Oberndorf an der Melk;1,8;54
32007;Puchenstuben;6,42;19
32008;Purgstall an der Erlauf;4,54;244
32009;Randegg;1,47;27
32010;Reinsberg;2,09;22
32011;St. Anton an der Jeßnitz;3,4;40
32012;St. Georgen an der Leys;1,95;26
32013;Scheibbs;5,34;220
32014;Steinakirchen am Forst;2,56;59
32015;Wang;2,73;38
32016;Wieselburg;20,05;884
32017;Wieselburg-Land;4;136
32018;Wolfpassing;3,57;59
32101;Absdorf;11,57;258
32104;Atzenbrugg;10,33;325
32106;Fels am Wagram;6,71;159
32107;Grafenwörth;5,05;161
32109;Großriedenthal;1,81;17
32110;Großweikersdorf;5,42;176
32112;Judenau-Baumgarten;9,97;228
32114;Kirchberg am Wagram;6,36;236
32115;Königsbrunn am Wagram;6,41;90
32116;Königstetten;9,01;232
32119;Langenrohr;11,19;272
32120;Michelhausen;11,88;439
32131;Sieghartskirchen;11,35;867
32132;Sitzenberg-Reidling;8,75;208
32134;Tulbing;5,78;175
32135;Tulln an der Donau;15,47;2.534
32139;Würmla;9,4;145
32140;Zeiselmauer-Wolfpassing;9,49;215
32141;Zwentendorf an der Donau;15,1;624
32142;St. Andrä-Wördern;11,05;873
32143;Muckendorf-Wipfing;7,63;129
32144;Klosterneuburg;14,79;4.079
32202;Dietmanns;2,73;28
32203;Dobersberg;2,81;44
32206;Gastern;0,85;10
32207;Groß-Siegharts;4,17;113
32209;Karlstein an der Thaya;3,51;52
32210;Kautzen;2,77;30
32212;Ludweis-Aigen;1,33;12
32214;Pfaffenschlag bei Waidhofen a.d.Thaya;1,3;12
32216;Raabs an der Thaya;4,18;110
32217;Thaya;1,22;17
32219;Vitis;1,59;42
32220;Waidhofen an der Thaya;4,2;222
32221;Waidhofen an der Thaya-Land;0,54;7
32222;Waldkirchen an der Thaya;1,42;7
32223;Windigsteig;1,54;14
32301;Bad Fischau-Brunn;7,25;252
32302;Bad Schönau;3,03;22
32304;Ebenfurth;19,64;625
32305;Eggendorf;14,09;712
32306;Bad Erlach;7,13;230
32307;Felixdorf;13,23;584
32308;Gutenstein;8,6;109
32309;Hochneukirchen-Gschaidt;0,73;12
32310;Hochwolkersdorf;3,25;33
32311;Hohe Wand;6,34;90
32312;Hollenthon;3;30
32313;Katzelsdorf;5,18;167
32314;Kirchschlag in der Buckligen Welt;4,43;125
32315;Krumbach;2,73;63
32316;Lanzenkirchen;7,78;312
32317;Lichtenegg;1,23;13
32318;Lichtenwörth;9,69;265
32319;Markt Piesting;12,81;398
32320;Matzendorf-Hölles;6,83;144
32321;Miesenbach;6,41;43
32322;Muggendorf;7,54;39
32323;Pernitz;11,87;294
32324;Rohr im Gebirge;3,53;16
32325;Bromberg;4,06;48
32326;Schwarzenbach;4,27;39
32327;Sollenau;14,34;750
32330;Theresienfeld;18,05;689
32331;Waidmannsfeld;8,28;126
32332;Waldegg;15,55;314
32333;Walpersbach;4,62;54
32334;Weikersdorf am Steinfelde;3,84;41
32335;Wiesmath;1,77;27
32336;Winzendorf-Muthmannsdorf;7,76;146
32337;Wöllersdorf-Steinabrückl;11,37;538
32338;Zillingdorf;6,9;143
32501;Allentsteig;2,13;37
32502;Arbesbach;1,07;17
32503;Bärnkopf;1,43;5
32504;Echsenbach;2,66;34
32505;Göpfritz an der Wild;2,21;40
32506;Grafenschlag;2,34;20
32508;Groß Gerungs;1,65;73
32509;Großgöttfritz;2,2;30
32511;Gutenbrunn;3,95;20
32514;Kirchschlag;2,55;16
32515;Kottes-Purk;2,14;31
32516;Langschlag;1,74;30
32517;Martinsberg;4,79;52
32518;Ottenschlag;3,95;40
32519;Altmelon;0,12;1
32520;Pölla;3,08;28
32521;Rappottenstein;1,51;26
32522;Sallingberg;4,14;53
32523;Schönbach;3;23
32524;Schwarzenau;2,64;40
32525;Schweiggers;1,68;34
32528;Bad Traunstein;0,81;8
32529;Waldhausen;1,89;23
32530;Zwettl-Niederösterreich;2,87;308
40101;Linz;25,31;52.278
40201;Steyr;20,3;7.703
40301;Wels;28,96;18.142
40401;Altheim;14,51;724
40402;Aspach;9,83;256
40403;Auerbach;13,09;94
40404;Braunau am Inn;26,97;4.703
40405;Burgkirchen;11,59;318
40406;Eggelsberg;10,61;270
40407;Feldkirchen bei Mattighofen;6,05;122
40408;Franking;11,89;121
40409;Geretsberg;8,45;99
40410;Gilgenberg am Weilhart;11,01;151
40411;Haigermoos;5,78;36
40412;Handenberg;6,4;85
40413;Helpfau-Uttendorf;24,1;891
40414;Hochburg-Ach;24,78;827
40415;Höhnhart;6,72;97
40416;Jeging;13,99;96
40417;Kirchberg bei Mattighofen;6,06;73
40418;Lengau;12,31;603
40419;Lochen am See;5,33;153
40420;Maria Schmolln;5,64;81
40421;Mattighofen;37,12;2.635
40422;Mauerkirchen;24,77;629
40423;Mining;7,2;91
40424;Moosbach;15,97;176
40425;Moosdorf;10,9;186
40426;Munderfing;13,07;404
40427;Neukirchen an der Enknach;9,57;218
40428;Ostermiething;13,7;450
40429;Palting;4,74;50
40430;Perwang am Grabensee;7,83;84
40431;Pfaffstätt;21,17;250
40432;Pischelsdorf am Engelbach;11,29;192
40433;Polling im Innkreis;6,48;64
40434;Roßbach;5,38;48
40435;St. Georgen am Fillmannsbach;3,95;17
40436;St. Johann am Walde;7;143
40437;St. Pantaleon;15,93;511
40438;St. Peter am Hart;13,76;334
40439;St. Radegund;12,79;78
40440;St. Veit im Innkreis;6,8;28
40441;Schalchen;16,09;646
40442;Schwand im Innkreis;6,5;65
40443;Tarsdorf;10,13;214
40444;Treubach;9,91;73
40445;Überackern;29,52;201
40446;Weng im Innkreis;6,81;97
40501;Alkoven;8,44;512
40502;Aschach an der Donau;15,97;350
40503;Eferding;20,23;865
40504;Fraham;8,22;202
40505;Haibach ob der Donau;1,97;25
40506;Hartkirchen;3,64;147
40507;Hinzenbach;6,84;141
40508;Prambachkirchen;6,75;200
40509;Pupping;6,04;109
40510;St. Marienkirchen an der Polsenz;4,07;95
40511;Scharten;4,35;99
40512;Stroheim;1,35;22
40601;Freistadt;10,16;809
40602;Grünbach;2,59;50
40603;Gutau;2,8;77
40604;Hagenberg im Mühlkreis;3,97;111
40605;Hirschbach im Mühlkreis;1,78;21
40606;Kaltenberg;1,15;7
40607;Kefermarkt;3,29;71
40608;Königswiesen;0,94;29
40609;Lasberg;3,57;101
40610;Leopoldschlag;4,31;43
40611;Liebenau;0,83;13
40612;Neumarkt im Mühlkreis;2,48;78
40613;Pierbach;1,57;16
40614;Pregarten;5,45;302
40615;Rainbach im Mühlkreis;3,58;106
40616;Sandl;3,34;46
40617;St. Leonhard bei Freistadt;1,41;19
40618;St. Oswald bei Freistadt;2,82;82
40619;Schönau im Mühlkreis;1,18;23
40620;Tragwein;2,75;86
40621;Unterweißenbach;1,4;30
40622;Unterweitersdorf;2,28;50
40623;Waldburg;1,77;25
40624;Wartberg ob der Aist;2,87;125
40625;Weitersfelden;3,6;38
40626;Windhaag bei Freistadt;3,18;50
40627;Bad Zell;1,94;57
40701;Altmünster;7,98;787
40702;Bad Goisern am Hallstättersee;6,44;485
40703;Bad Ischl;13,28;1.874
40704;Ebensee am Traunsee;7,49;569
40705;Gmunden;18,09;2.388
40706;Gosau;8,73;159
40707;Grünau im Almtal;8,31;170
40708;Gschwandt;4,55;131
40709;Hallstatt;16,89;126
40710;Kirchham;4,83;108
40711;Laakirchen;15,86;1.545
40712;Obertraun;17,09;127
40713;Ohlsdorf;6,58;348
40714;Pinsdorf;13,05;533
40715;Roitham am Traunfall;6;123
40716;St. Konrad;5,01;58
40717;St. Wolfgang im Salzkammergut;10,12;287
40718;Traunkirchen;6,48;107
40719;Scharnstein;7,94;393
40720;Vorchdorf;9,34;707
40801;Aistersheim;7,97;76
40802;Bad Schallerbach;17,72;746
40804;Eschenau im Hausruckkreis;1,62;17
40805;Gallspach;23,78;668
40806;Gaspoltshofen;8,1;290
40807;Geboltskirchen;4,65;67
40808;Grieskirchen;19,76;985
40809;Haag am Hausruck;10,63;234
40810;Heiligenberg;2,42;17
40811;Hofkirchen an der Trattnach;9,72;162
40812;Kallham;4,33;108
40813;Kematen am Innbach;9,05;129
40814;Meggenhofen;4,15;65
40815;Michaelnbach;2,3;29
40816;Natternbach;2,96;68
40817;Neukirchen am Walde;2,81;46
40818;Neumarkt im Hausruckkreis;15,41;228
40820;Pötting;0,55;3
40821;Pollham;2,47;24
40822;Pram;6,05;102
40823;Rottenbach;7,59;84
40824;St. Agatha;2,1;45
40825;St. Georgen bei Grieskirchen;3,18;43
40826;St. Thomas;3,36;19
40827;Schlüßlberg;7,79;236
40828;Steegen;2,41;26
40829;Taufkirchen an der Trattnach;4,24;82
40830;Tollet;3;28
40831;Waizenkirchen;8,02;298
40832;Wallern an der Trattnach;7,65;236
40833;Weibern;8,8;151
40834;Wendling;1,86;16
40835;Peuerbach;7,02;327
40901;Edlbach;8,03;51
40902;Grünburg;9,9;381
40903;Hinterstoder;12,97;117
40904;Inzersdorf im Kremstal;5,33;100
40905;Kirchdorf an der Krems;17,99;832
40906;Klaus an der Pyhrnbahn;10,83;116
40907;Kremsmünster;17,42;1.158
40908;Micheldorf in Oberösterreich;9,99;590
40909;Molln;10,21;372
40910;Nußbach;3,84;88
40911;Oberschlierbach;3,72;18
40912;Pettenbach;8,41;449
40913;Ried im Traunkreis;7,65;218
40914;Rosenau am Hengstpaß;12,12;79
40915;Roßleithen;4,71;90
40916;St. Pankraz;8,52;30
40917;Schlierbach;8,07;233
40918;Spital am Pyhrn;8,23;185
40919;Steinbach am Ziehberg;3,12;27
40920;Steinbach an der Steyr;4,59;91
40921;Vorderstoder;5,25;43
40922;Wartberg an der Krems;8,92;265
40923;Windischgarsten;12,67;299
41001;Allhaming;7,2;87
41002;Ansfelden;25,53;4.450
41003;Asten;16,56;1.132
41004;Eggendorf im Traunkreis;7,25;79
41005;Enns;22,99;2.736
41006;Hargelsberg;4,23;60
41007;Hörsching;13,78;866
41008;Hofkirchen im Traunkreis;8,22;161
41009;Kematen an der Krems;11,43;340
41010;Kirchberg-Thening;4,31;107
41011;Kronstorf;11,8;419
41012;Leonding;15,29;4.424
41013;St. Florian;5,58;343
41014;Neuhofen an der Krems;10,62;709
41015;Niederneukirchen;3,8;80
41016;Oftering;5,34;114
41017;Pasching;15,66;1.204
41018;Piberbach;5,21;98
41019;Pucking;7,54;308
41020;St. Marien;6,38;311
41021;Traun;25,99;6.453
41022;Wilhering;7,06;416
41101;Allerheiligen im Mühlkreis;2,52;32
41102;Arbing;5,97;91
41103;Baumgartenberg;6,79;122
41104;Dimbach;0,62;6
41105;Grein;9,57;278
41106;Katsdorf;5,04;161
41107;Klam;2,52;24
41108;Bad Kreuzen;5,47;125
41109;Langenstein;9,56;239
41110;Luftenberg an der Donau;6,78;295
41111;Mauthausen;16,64;823
41112;Mitterkirchen im Machland;6,52;112
41113;Münzbach;8,78;161
41114;Naarn im Machlande;8,49;317
41115;Pabneukirchen;3,14;53
41116;Perg;15,66;1.378
41117;Rechberg;4,76;48
41118;Ried in der Riedmark;3,39;146
41119;St. Georgen am Walde;1,07;21
41120;St. Georgen an der Gusen;9,58;420
41121;St. Nikola an der Donau;14,38;107
41122;St. Thomas am Blasenstein;1,96;18
41123;Saxen;6,52;114
41124;Schwertberg;13,28;709
41125;Waldhausen im Strudengau;3,97;113
41126;Windhaag bei Perg;9,78;148
41201;Andrichsfurt;7,41;58
41202;Antiesenhofen;15,36;162
41203;Aurolzmünster;15,53;479
41204;Eberschwang;7,72;267
41205;Eitzing;6,04;53
41206;Geiersberg;2,61;13
41207;Geinberg;13,45;191
41208;Gurten;9,1;109
41209;Hohenzell;5,11;116
41210;Kirchdorf am Inn;12,25;79
41211;Kirchheim im Innkreis;4,01;29
41212;Lambrechten;5,95;79
41213;Lohnsburg am Kobernaußerwald;4,03;89
41214;Mehrnbach;8,35;196
41215;Mettmach;3,94;94
41216;Mörschwang;7,35;25
41217;Mühlheim am Inn;9,53;63
41218;Neuhofen im Innkreis;7,57;188
41219;Obernberg am Inn;28,24;464
41220;Ort im Innkreis;13,93;181
41221;Pattigham;4,6;47
41222;Peterskirchen;2,64;18
41223;Pramet;4,09;42
41224;Reichersberg;14,26;226
41225;Ried im Innkreis;24,66;3.011
41226;St. Georgen bei Obernberg am Inn;9,4;52
41227;St. Marienkirchen am Hausruck;3,75;34
41228;St. Martin im Innkreis;23,2;487
41229;Schildorn;3,08;37
41230;Senftenbach;9,99;78
41231;Taiskirchen im Innkreis;4,35;105
41232;Tumeltsham;7,12;113
41233;Utzenaich;7,66;124
41234;Waldzell;4,32;98
41235;Weilbach;7,52;47
41236;Wippenham;3,72;21
41304;Altenfelden;5,74;133
41305;Arnreit;2,52;29
41306;Atzesberg;1,36;6
41307;Auberg;1,92;11
41309;Haslach an der Mühl;6,95;177
41311;Hörbich;2,7;11
41312;Hofkirchen im Mühlkreis;4,4;67
41313;Julbach;4,05;63
41314;Kirchberg ob der Donau;1,98;21
41315;Klaffer am Hochficht;6,86;90
41316;Kleinzell im Mühlkreis;2,66;45
41317;Kollerschlag;4,11;63
41318;Lembach im Mühlkreis;6,63;101
41319;Lichtenau im Mühlkreis;2,13;10
41320;Nebelberg;4,61;30
41321;Neufelden;13,73;166
41322;Niederkappel;2,04;20
41323;Niederwaldkirchen;2,39;44
41324;Oberkappel;10,52;75
41325;Oepping;1,95;30
41326;Peilstein im Mühlviertel;2,08;32
41327;Pfarrkirchen im Mühlkreis;5,29;75
41328;Putzleinsdorf;3,72;57
41329;Neustift im Mühlkreis;5,56;80
41331;St. Johann am Wimberg;3,04;30
41332;St. Martin im Mühlkreis;5,06;191
41333;St. Oswald bei Haslach;3,53;18
41334;St. Peter am Wimberg;1,62;28
41336;St. Ulrich im Mühlkreis;1,49;10
41337;St. Veit im Mühlkreis;2,91;37
41338;Sarleinsbach;2,44;55
41341;Schwarzenberg am Böhmerwald;14,36;82
41342;Ulrichsberg;5,94;169
41343;Aigen-Schlägl;5,78;186
41344;Rohrbach-Berg;8,86;459
41345;Helfenberg;4,44;68
41346;St. Stefan-Afiesl;2,99;33
41401;Altschwendt;2,88;20
41402;Andorf;7,57;394
41403;Brunnenthal;11,03;230
41404;Diersbach;4,72;73
41405;Dorf an der Pram;3,45;37
41406;Eggerding;4,78;64
41407;Engelhartszell;8,25;75
41408;Enzenkirchen;4,52;81
41409;Esternberg;6,28;179
41410;Freinberg;26,46;381
41411;Kopfing im Innkreis;4,37;86
41412;Mayrhof;2,52;8
41413;Münzkirchen;3,34;85
41414;Raab;6,53;148
41415;Rainbach im Innkreis;3,43;52
41416;Riedau;10,78;223
41417;St. Aegidi;2,6;40
41418;St. Florian am Inn;12,94;406
41419;St. Marienkirchen bei Schärding;8,7;169
41420;St. Roman;2,3;40
41421;St. Willibald;4,28;48
41422;Schärding;23,24;1.212
41423;Schardenberg;16,95;416
41424;Sigharting;4,12;34
41425;Suben;22,17;346
41426;Taufkirchen an der Pram;8,23;242
41427;Vichtenstein;15,72;97
41428;Waldkirchen am Wesen;2,87;34
41429;Wernstein am Inn;12,03;187
41430;Zell an der Pram;7,05;140
41501;Adlwang;5,34;104
41502;Aschach an der Steyr;2,47;57
41503;Bad Hall;13,79;771
41504;Dietach;7,98;264
41505;Gaflenz;3,8;73
41506;Garsten;6,24;412
41507;Großraming;2,51;67
41508;Laussa;1,78;22
41509;Losenstein;5,35;85
41510;Maria Neustift;1,53;25
41511;Pfarrkirchen bei Bad Hall;6,17;143
41512;Reichraming;4,28;73
41513;Rohr im Kremstal;7,61;110
41514;St. Ulrich bei Steyr;3,89;120
41515;Schiedlberg;6,25;80
41516;Sierning;10,12;953
41517;Ternberg;4,54;153
41518;Waldneukirchen;5,32;119
41521;Wolfern;2,62;84
41522;Weyer;6,83;278
41601;Alberndorf in der Riedmark;3,23;136
41602;Altenberg bei Linz;3,39;157
41603;Bad Leonfelden;7,05;301
41604;Eidenberg;4,09;86
41605;Engerwitzdorf;4,54;402
41606;Feldkirchen an der Donau;5,19;278
41607;Gallneukirchen;7,56;501
41608;Goldwörth;2,63;21
41609;Gramastetten;4,71;240
41610;Haibach im Mühlkreis;3,58;33
41611;Hellmonsödt;6,3;148
41612;Herzogsdorf;1,76;47
41613;Kirchschlag bei Linz;6,68;146
41614;Lichtenberg;3,3;92
41615;Oberneukirchen;3,72;118
41616;Ottenschlag im Mühlkreis;2,13;12
41617;Ottensheim;8,4;400
41618;Puchenau;6,82;309
41619;Reichenau im Mühlkreis;5,15;68
41620;Reichenthal;2,62;39
41621;St. Gotthard im Mühlkreis;5,55;73
41622;Schenkenfelden;2,28;36
41623;Sonnberg im Mühlkreis;1,98;21
41624;Steyregg;9,14;451
41626;Walding;4,94;208
41627;Zwettl an der Rodl;5,39;94
41628;Vorderweißenbach;2,02;54
41701;Ampflwang im Hausruckwald;14,32;485
41702;Attersee am Attersee;7,18;116
41703;Attnang-Puchheim;29,67;2.700
41704;Atzbach;6,27;77
41705;Aurach am Hongar;3,66;65
41706;Berg im Attergau;3,93;42
41707;Desselbrunn;4,93;93
41708;Fornach;3,61;35
41709;Frankenburg am Hausruck;6,35;310
41710;Frankenmarkt;16,66;626
41711;Gampern;4,02;119
41712;Innerschwand am Mondsee;7,16;87
41713;Lenzing;13,44;702
41714;Manning;2,03;16
41715;Mondsee;22,88;900
41716;Neukirchen an der Vöckla;4,05;107
41717;Niederthalheim;10,25;116
41718;Nußdorf am Attersee;10,94;124
41719;Oberhofen am Irrsee;8,67;147
41720;Oberndorf bei Schwanenstadt;8,11;109
41721;Oberwang;3,33;58
41722;Ottnang am Hausruck;8,6;335
41723;Pfaffing;3,89;59
41724;Pilsbach;3,33;21
41725;Pitzenberg;2,56;14
41726;Pöndorf;7,03;170
41727;Puchkirchen am Trattberg;5,68;62
41728;Pühret;2,09;13
41729;Redleiten;7,26;39
41730;Redlham;6,27;102
41731;Regau;10,81;732
41732;Rüstorf;8,06;177
41733;Rutzenham;3,72;11
41734;St. Georgen im Attergau;14,2;638
41735;St. Lorenz;8,93;225
41736;Schlatt;10,03;142
41737;Schörfling am Attersee;8,64;299
41738;Schwanenstadt;21,61;971
41739;Seewalchen am Attersee;6,94;396
41740;Steinbach am Attersee;11,28;102
41741;Straß im Attergau;8,66;132
41742;Tiefgraben;9,74;391
41743;Timelkam;12,47;738
41744;Ungenach;4,71;70
41745;Unterach am Attersee;11,61;176
41746;Vöcklabruck;19,69;2.450
41747;Vöcklamarkt;12,28;620
41748;Weißenkirchen im Attergau;3,87;37
41749;Weyregg am Attersee;5,44;85
41750;Wolfsegg am Hausruck;11,21;228
41751;Zell am Moos;8,43;137
41752;Zell am Pettenfirst;5,26;65
41801;Aichkirchen;4,08;25
41802;Bachmanning;14,75;109
41803;Bad Wimsbach-Neydharting;6,29;162
41804;Buchkirchen;4,57;184
41805;Eberstalzell;6,67;188
41806;Edt bei Lambach;9,1;214
41807;Fischlham;3,94;53
41808;Gunskirchen;10,89;691
41809;Holzhausen;5,19;53
41810;Krenglbach;6,16;198
41811;Lambach;23,39;838
41812;Marchtrenk;17,06;2.445
41813;Neukirchen bei Lambach;6,12;59
41814;Offenhausen;10,01;172
41815;Pennewang;5,29;50
41816;Pichl bei Wels;8,96;261
41817;Sattledt;13,53;364
41818;Schleißheim;7,38;105
41819;Sipbachzell;6,49;140
41820;Stadl-Paura;17,77;883
41821;Steinerkirchen an der Traun;4,8;117
41822;Steinhaus;6,38;152
41823;Thalheim bei Wels;13,14;731
41824;Weißkirchen an der Traun;8,1;279
50101;Salzburg;29,42;45.728
50201;Abtenau;10,38;612
50202;Adnet;6,69;246
50203;Annaberg-Lungötz;8,7;194
50204;Golling an der Salzach;15,73;680
50205;Hallein;23,12;4.936
50206;Krispl;3,5;31
50207;Kuchl;10,21;754
50208;Oberalm;13,6;607
50209;Puch bei Hallein;14,26;674
50210;Rußbach am Paß Gschütt;6,19;48
50211;Sankt Koloman;6,73;120
50212;Scheffau am Tennengebirge;4,95;70
50213;Bad Vigaun;8,81;184
50301;Anif;16,41;710
50302;Anthering;8,86;331
50303;Bergheim;18,17;1.043
50304;Berndorf bei Salzburg;6,04;103
50305;Bürmoos;13,56;670
50306;Dorfbeuern;7,66;121
50307;Ebenau;6,88;99
50308;Elixhausen;9,8;299
50309;Elsbethen;11,45;629
50310;Eugendorf;10,53;746
50311;Faistenau;7,71;238
50312;Fuschl am See;18,16;289
50313;Göming;4,63;36
50314;Grödig;19,72;1.458
50315;Großgmain;19,85;524
50316;Hallwang;9,38;393
50317;Henndorf am Wallersee;10,37;521
50318;Hintersee;7,2;34
50319;Hof bei Salzburg;12,02;431
50320;Köstendorf;8,2;218
50321;Koppl;8,99;329
50322;Lamprechtshausen;11,42;463
50323;Mattsee;12,65;436
50324;Neumarkt am Wallersee;14,53;943
50325;Nußdorf am Haunsberg;6,66;161
50326;Oberndorf bei Salzburg;21,81;1.276
50327;Obertrum am See;9,52;472
50328;Plainfeld;9,75;123
50329;Sankt Georgen bei Salzburg;6,3;191
50330;Sankt Gilgen;17,8;695
50331;Schleedorf;7,69;86
50332;Seeham;10,3;200
50335;Straßwalchen;14,27;1.106
50336;Strobl;8,15;299
50337;Thalgau;8,98;536
50338;Wals-Siezenheim;11,99;1.627
50339;Seekirchen am Wallersee;11,82;1.300
50401;Altenmarkt im Pongau;16,69;749
50402;Bad Hofgastein;17,59;1.199
50403;Bad Gastein;26,21;1.038
50404;Bischofshofen;20,05;2.114
50405;Dorfgastein;6,72;110
50406;Eben im Pongau;15,01;383
50407;Filzmoos;16,61;251
50408;Flachau;12,04;352
50409;Forstau;3,84;21
50410;Goldegg;5,36;137
50411;Großarl;8,53;322
50412;Hüttau;16,52;242
50413;Hüttschlag;4,28;39
50414;Kleinarl;7,55;61
50415;Mühlbach am Hochkönig;12,47;180
50416;Pfarrwerfen;9,32;234
50417;Radstadt;20,01;976
50418;Sankt Johann im Pongau;17,75;2.011
50419;Sankt Martin am Tennengebirge;10,94;188
50420;Sankt Veit im Pongau;6,8;264
50421;Schwarzach im Pongau;18,8;651
50422;Untertauern;16,88;78
50423;Wagrain;16,75;522
50424;Werfen;14,3;433
50425;Werfenweng;11,56;123
50501;Göriach;1,15;4
50502;Lessach;3,19;17
50503;Mariapfarr;6,24;149
50504;Mauterndorf;10,85;173
50505;Muhr;4,54;22
50506;Ramingstein;5,39;56
50507;Sankt Andrä im Lungau;1,94;15
50508;Sankt Margarethen im Lungau;10,54;76
50509;Sankt Michael im Lungau;10,72;374
50510;Tamsweg;10,65;603
50511;Thomatal;4,55;16
50512;Tweng;18,37;45
50513;Unternberg;5,76;58
50514;Weißpriach;3,54;11
50515;Zederhaus;1,88;22
50601;Bramberg am Wildkogel;4,83;191
50602;Bruck an der Großglocknerstraße;15,7;758
50603;Dienten am Hochkönig;6,24;45
50604;Fusch an der Großglocknerstraße;12,52;95
50605;Hollersbach im Pinzgau;7,27;91
50606;Kaprun;26,41;822
50607;Krimml;13,66;115
50608;Lend;13,08;165
50609;Leogang;12,8;436
50610;Lofer;14;293
50611;Maishofen;13,52;492
50612;Maria Alm am Steinernen Meer;13,3;292
50613;Mittersill;19,48;1.086
50614;Neukirchen am Großvenediger;8,22;212
50615;Niedernsill;7,37;204
50616;Piesendorf;12,34;470
50617;Rauris;6,03;182
50618;Saalbach-Hinterglemm;20,48;579
50619;Saalfelden am Steinernen Meer;16,93;2.843
50620;Sankt Martin bei Lofer;15,84;191
50621;Stuhlfelden;5,14;81
50622;Taxenbach;8;217
50623;Unken;13,32;255
50624;Uttendorf;9,93;301
50625;Viehhofen;13,56;80
50626;Wald im Pinzgau;12,37;144
50627;Weißbach bei Lofer;13,83;57
50628;Zell am See;28,64;2.902
60101;Graz;24,6;71.619
60305;Frauental an der Laßnitz;5,71;171
60318;Lannach;6,46;232
60323;Pölfing-Brunn;5,24;84
60324;Preding;3,69;67
60326;Sankt Josef (Weststeiermark);4,25;71
60329;Sankt Peter im Sulmtal;2,46;31
60341;Wettmannstätten;3,16;52
60344;Deutschlandsberg;8,97;1.043
60345;Eibiswald;4,06;259
60346;Groß Sankt Florian;4,1;169
60347;Sankt Martin im Sulmtal;3,41;106
60348;Sankt Stefan ob Stainz;4,2;150
60349;Bad Schwanberg;3,98;180
60350;Stainz;4,49;390
60351;Wies;3,99;171
60608;Feldkirchen bei Graz;20,84;1.427
60611;Gössendorf;11,25;470
60613;Gratkorn;11,06;901
60617;Hart bei Graz;9,87;517
60618;Haselsdorf-Tobelbad;6,7;105
60619;Hausmannstätten;10,1;363
60623;Kainbach bei Graz;5,53;156
60624;Kalsdorf bei Graz;16,37;1.288
60626;Kumberg;3,89;152
60628;Laßnitzhöhe;8,95;250
60629;Lieboch;10,02;532
60632;Peggau;11,98;280
60639;Sankt Bartholomä;3,64;53
60641;Sankt Oswald bei Plankenwarth;3,18;40
60642;Sankt Radegund bei Graz;4,69;100
60645;Semriach;7,48;244
60646;Stattegg;4,83;144
60647;Stiwoll;2,26;16
60648;Thal;8,3;198
60651;Übelbach;6,48;133
60653;Vasoldsberg;6,01;279
60654;Weinitzen;4,78;131
60655;Werndorf;12,43;305
60656;Wundschuh;9,3;153
60659;Deutschfeistritz;9,23;408
60660;Dobl-Zwaring;6,37;228
60661;Eggersdorf bei Graz;7,03;486
60662;Fernitz-Mellach;6,17;302
60663;Frohnleiten;6,4;417
60664;Gratwein-Straßengel;6,9;881
60665;Hitzendorf;4,79;348
60666;Nestelbach bei Graz;3,97;106
60667;Raaba-Grambach;10,97;516
60668;Sankt Marein bei Graz;4,23;158
60669;Seiersberg-Pirka;15,11;1.758
60670;Premstätten;14,74;951
61001;Allerheiligen bei Wildon;4,87;76
61002;Arnfels;6,87;66
61007;Empersdorf;3,56;50
61008;Gabersdorf;7,86;99
61012;Gralla;8,64;223
61013;Großklein;3,62;82
61016;Heimschuh;3,52;70
61017;Hengsberg;4,06;61
61019;Kitzeck im Sausal;3,71;45
61020;Lang;5,4;73
61021;Lebring-Sankt Margarethen;10,31;226
61024;Oberhaag;4,07;84
61027;Ragnitz;4,61;69
61030;Sankt Andrä-Höch;3,47;59
61032;Sankt Johann im Saggautal;2,25;45
61033;Sankt Nikolai im Sausal;5,32;124
61043;Tillmitsch;5,79;200
61045;Wagna;12,44;790
61049;Ehrenhausen an der Weinstraße;10,39;261
61050;Gamlitz;5,84;187
61051;Gleinstätten;4,15;115
61052;Heiligenkreuz am Waasen;6,53;185
61053;Leibnitz;15,03;1.885
61054;Leutschach an der Weinstraße;3,76;136
61055;Sankt Georgen an der Stiefing;5,18;82
61057;Schwarzautal;5,38;124
61059;Wildon;12,24;678
61060;Sankt Veit in der Südsteiermark;5,3;232
61061;Straß in Steiermark;11,44;724
61101;Eisenerz;5,16;193
61105;Kalwang;4,73;45
61106;Kammern im Liesingtal;5,23;83
61107;Kraubath an der Mur;2,84;38
61108;Leoben;18,03;4.361
61109;Mautern in Steiermark;3,87;66
61110;Niklasdorf;10,87;257
61111;Proleb;4,13;66
61112;Radmer;2,35;12
61113;Sankt Michael in Obersteiermark;9,99;303
61114;Sankt Peter-Freienstein;7,53;176
61115;Sankt Stefan ob Leoben;3,73;70
61116;Traboch;4,66;66
61118;Vordernberg;15,42;147
61119;Wald am Schoberpaß;6,18;34
61120;Trofaiach;6,39;703
61203;Aigen im Ennstal;3,14;85
61204;Altaussee;7,93;149
61205;Altenmarkt bei Sankt Gallen;9,61;77
61206;Ardning;4,19;52
61207;Bad Aussee;17,27;848
61213;Gröbming;15,21;474
61215;Grundlsee;5,74;67
61217;Haus;8,5;209
61222;Lassing;3,27;56
61236;Ramsau am Dachstein;10,35;289
61243;Selzthal;12,24;189
61247;Trieben;15,74;524
61251;Wildalpen;3,36;15
61252;Wörschach;7,58;88
61253;Admont;7;347
61254;Aich;7,81;103
61255;Bad Mitterndorf;11,88;587
61256;Gaishorn am See;4,65;60
61257;Irdning-Donnersbachtal;4,8;199
61258;Landl;3,71;97
61259;Liezen;20,03;1.642
61260;Michaelerberg-Pruggern;9,47;113
61261;Mitterberg-Sankt Martin;6,01;115
61262;Öblarn;10,2;205
61263;Rottenmann;12,97;663
61264;Sankt Gallen;8,67;155
61265;Schladming;12,97;853
61266;Sölk;3,52;52
61267;Stainach-Pürgg;14,97;418
61410;Mühlen;1,59;14
61413;Niederwölz;2,99;18
61425;St. Peter am Kammersberg;2,27;46
61428;Schöder;4,07;38
61437;Krakau;2,6;36
61438;Murau;7,73;268
61439;Neumarkt in der Steiermark;3,14;153
61440;Oberwölz;2,51;74
61441;Ranten;1,66;19
61442;Sankt Georgen am Kreischberg;6,06;104
61443;Sankt Lambrecht;6,57;116
61444;Scheifling;4,71;101
61445;Stadl-Predlitz;7,07;119
61446;Teufenbach-Katsch;5,82;109
61611;Krottendorf-Gaisfeld;2,81;69
61612;Ligist;2,43;78
61615;Mooskirchen;4,82;106
61618;Rosental an der Kainach;6;99
61621;Sankt Martin am Wöllmißberg;1,73;14
61624;Stallhofen;2,77;87
61625;Voitsberg;7,76;729
61626;Bärnbach;5,94;340
61627;Edelschrott;3,15;53
61628;Geistthal-Södingberg;1,61;24
61629;Hirschegg-Pack;3,54;36
61630;Kainach bei Voitsberg;2,62;42
61631;Köflach;7,78;754
61632;Maria Lankowitz;4,91;135
61633;Söding-Sankt Johann;5,6;232
61701;Albersdorf-Prebuch;7,24;163
61708;Fischbach;1,76;27
61710;Floing;3,45;41
61711;Gasen;1,81;16
61716;Markt Hartmannsdorf;4,57;135
61719;Hofstätten an der Raab;9,55;221
61727;Ludersdorf-Wilfersdorf;8,63;217
61728;Miesenbach bei Birkfeld;0,45;3
61729;Mitterdorf an der Raab;3,07;65
61730;Mortantsch;2,58;57
61731;Naas;3,72;50
61740;Puch bei Weiz;2,38;49
61741;Ratten;3,25;35
61743;Rettenegg;2,81;20
61744;St. Kathrein am Hauenstein;2,07;13
61745;Sankt Kathrein am Offenegg;2,72;29
61746;St. Margarethen an der Raab;4;165
61748;Sinabelkirchen;7,87;347
61750;Strallegg;3,09;59
61751;Thannhausen;4,32;107
61756;Anger;2,06;81
61757;Birkfeld;2,41;119
61758;Fladnitz an der Teichalm;1,94;35
61759;Gersdorf an der Feistritz;3,05;52
61760;Gleisdorf;11,3;1.251
61761;Gutenberg-Stenzengreith;1,67;27
61762;Ilztal;3,63;78
61763;Passail;3,51;155
61764;Pischelsdorf am Kulm;3,87;142
61765;Sankt Ruprecht an der Raab;5,42;294
61766;Weiz;14,13;1.661
62007;Fohnsdorf;6,69;509
62008;Gaal;2,62;35
62010;Hohentauern;5,88;23
62014;Kobenz;3,17;61
62021;Pusterwald;3,26;14
62026;Sankt Georgen ob Judenburg;2,44;21
62032;Sankt Peter ob Judenburg;2,51;27
62034;Seckau;1,69;22
62036;Unzmarkt-Frauenburg;4,85;61
62038;Zeltweg;14,05;989
62039;Lobmingtal;3,75;69
62040;Judenburg;9,84;948
62041;Knittelfeld;21,96;2.761
62042;Obdach;3,1;116
62043;Pöls-Oberkurzheim;4,72;139
62044;Pölstal;3,83;98
62045;Sankt Marein-Feistritz;3,24;66
62046;Sankt Margarethen bei Knittelfeld;4,75;126
62047;Spielberg;4,59;246
62048;Weißkirchen in Steiermark;3,01;144
62105;Breitenau am Hochlantsch;5,58;91
62115;Krieglach;3,62;193
62116;Langenwang;4,22;164
62125;Pernegg an der Mur;6,81;164
62128;Sankt Lorenzen im Mürztal;6,45;237
62131;Spital am Semmering;6,37;92
62132;Stanz im Mürztal;2,02;37
62135;Turnau;7,41;118
62138;Aflenz;6,11;150
62139;Bruck an der Mur;11,84;1.853
62140;Kapfenberg;19,53;4.370
62141;Kindberg;6;487
62142;Mariazell;9,18;333
62143;Mürzzuschlag;12,13;998
62144;Neuberg an der Mürz;5,84;137
62145;Sankt Barbara im Mürztal;6,94;456
62146;Sankt Marein im Mürztal;9,81;275
62147;Thörl;4,84;108
62148;Tragöß-Sankt Katharein;4,23;78
62202;Bad Blumau;5,14;84
62205;Buch-St. Magdalena;1,76;38
62206;Burgau;9,52;100
62209;Ebersdorf;2,8;36
62211;Friedberg;3,77;99
62214;Greinbach;4,18;76
62216;Großsteinbach;2,8;36
62219;Hartberg;9,8;666
62220;Hartberg Umgebung;4,62;101
62226;Lafnitz;8,87;130
62232;Ottendorf an der Rittschein;2,1;33
62233;Pinggau;3,96;124
62235;Pöllauberg;2,54;52
62242;Sankt Jakob im Walde;2,6;27
62244;Sankt Johann in der Haide;3,98;87
62245;Sankt Lorenzen am Wechsel;1,05;15
62247;Schäffern;0,67;9
62252;Söchau;4,54;66
62256;Stubenberg;4,14;91
62262;Wenigzell;4,13;58
62264;Bad Waltersdorf;4,85;189
62265;Dechantskirchen;1,7;34
62266;Feistritztal;3,46;83
62267;Fürstenfeld;10,27;889
62268;Grafendorf bei Hartberg;2,52;79
62269;Großwilfersdorf;5,82;122
62270;Hartl;1,83;39
62271;Ilz;4,8;180
62272;Kaindorf;5,1;153
62273;Bad Loipersdorf;4,68;85
62274;Neudau;20,35;300
62275;Pöllau;1,83;109
62276;Rohr bei Hartberg;3,81;55
62277;Rohrbach an der Lafnitz;2,65;70
62278;Vorau;1,82;85
62279;Waldbach-Mönichwald;2,87;42
62311;Edelsbach bei Feldbach;3,6;48
62314;Eichkögl;3,41;46
62326;Halbenrain;4,57;79
62330;Jagerberg;2,25;37
62332;Kapfenstein;2,19;34
62335;Klöch;3,07;36
62343;Mettersdorf am Saßbach;6,47;86
62368;Tieschen;2,68;32
62372;Unterlamm;2,07;26
62375;Bad Gleichenberg;7,08;366
62376;Bad Radkersburg;14,25;453
62377;Deutsch Goritz;3,06;55
62378;Fehring;4,27;306
62379;Feldbach;12,67;1.694
62380;Gnas;2,09;125
62381;Kirchbach-Zerlach;3,61;118
62382;Kirchberg an der Raab;4,39;201
62383;Mureck;10,2;356
62384;Paldau;2,95;93
62385;Pirching am Traubenberg;3,37;85
62386;Riegersburg;3,82;188
62387;Sankt Anna am Aigen;2,41;57
62388;Sankt Peter am Ottersbach;3,22;94
62389;Sankt Stefan im Rosental;2,87;112
62390;Straden;3,22;113
70101;Innsbruck;28,07;36.791
70201;Arzl im Pitztal;8,85;278
70202;Haiming;9,77;466
70203;Imst;18,21;1.982
70204;Imsterberg;2,27;18
70205;Jerzens;11,02;104
70206;Karres;1,63;10
70207;Karrösten;6,12;42
70208;Längenfeld;11,63;556
70209;Mieming;11,39;436
70210;Mils bei Imst;6,72;41
70211;Mötz;12,92;169
70212;Nassereith;9,04;195
70213;Obsteig;13,32;187
70214;Oetz;12,85;300
70215;Rietz;5,96;146
70216;Roppen;10,71;201
70217;St. Leonhard im Pitztal;9,01;125
70218;Sautens;18,23;299
70219;Silz;8,79;226
70220;Sölden;14,86;439
70221;Stams;10,67;166
70222;Tarrenz;8,39;233
70223;Umhausen;12,9;436
70224;Wenns;8,55;178
70301;Absam;9,24;676
70302;Aldrans;13,11;362
70303;Ampass;15,61;286
70304;Axams;10,28;628
70305;Baumkirchen;10,25;133
70306;Birgitz;11,36;170
70307;Ellbögen;4,28;49
70308;Flaurling;9,4;123
70309;Fritzens;7,87;169
70310;Fulpmes;17,17;772
70311;Gnadenwald;8,96;74
70312;Götzens;12,37;512
70313;Gries am Brenner;11,04;147
70314;Gries im Sellrain;6,3;39
70315;Grinzens;8,3;117
70317;Gschnitz;5,73;25
70318;Hatting;10,96;161
70319;Inzing;10,75;429
70320;Kematen in Tirol;11,81;356
70322;Kolsass;8,7;145
70323;Kolsassberg;7,43;62
70325;Lans;11,52;128
70326;Leutasch;25,01;605
70327;Matrei am Brenner;14,27;131
70328;Mieders;16,75;325
70329;Mils;11,15;507
70330;Mühlbachl;12,8;186
70331;Mutters;14,22;317
70332;Natters;10,3;215
70333;Navis;4,39;90
70334;Neustift im Stubaital;14,24;686
70335;Oberhofen im Inntal;10,04;191
70336;Obernberg am Brenner;6,88;26
70337;Oberperfuss;6,2;191
70338;Patsch;10,1;110
70339;Pettnau;8,55;91
70340;Pfaffenhofen;12,74;151
70341;Pfons;5,15;63
70342;Polling in Tirol;10,37;133
70343;Ranggen;8,07;88
70344;Reith bei Seefeld;25,46;363
70345;Rinn;9,12;178
70346;Rum;14,06;1.309
70347;St. Sigmund im Sellrain;14,53;26
70348;Scharnitz;26,72;362
70349;Schmirn;2,82;25
70350;Schönberg im Stubaital;18,69;205
70351;Seefeld in Tirol;34,04;1.198
70352;Sellrain;5,3;71
70353;Sistrans;8,27;186
70354;Hall in Tirol;20,96;2.985
70355;Steinach am Brenner;14,36;522
70356;Telfes im Stubai;11,87;189
70357;Telfs;19,65;3.162
70358;Thaur;10,94;450
70359;Trins;7,66;103
70360;Tulfes;10,34;175
70361;Unterperfuss;13,04;30
70362;Vals;3,8;20
70364;Völs;13,6;947
70365;Volders;10,21;459
70366;Wattenberg;4,64;36
70367;Wattens;12,98;1.036
70368;Wildermieming;10,9;107
70369;Zirl;12,54;1.028
70401;Aurach bei Kitzbühel;20,85;236
70402;Brixen im Thale;13,58;358
70403;Fieberbrunn;13,98;616
70404;Going am Wilden Kaiser;22,09;424
70405;Hochfilzen;14,04;179
70406;Hopfgarten im Brixental;11,58;654
70407;Itter;11,17;131
70408;Jochberg;17,33;270
70409;Kirchberg in Tirol;21,38;1.124
70410;Kirchdorf in Tirol;15,56;626
70411;Kitzbühel;23,73;1.955
70412;Kössen;21,36;952
70413;Oberndorf in Tirol;17,69;413
70414;Reith bei Kitzbühel;22,87;387
70415;St. Jakob in Haus;10,39;83
70416;St. Johann in Tirol;21,71;2.098
70417;St. Ulrich am Pillersee;21,47;402
70418;Schwendt;20,87;183
70419;Waidring;13,72;281
70420;Westendorf;13,46;493
70501;Alpbach;10,4;264
70502;Angath;10,77;111
70503;Bad Häring;15,86;457
70504;Brandenberg;6,92;106
70505;Breitenbach am Inn;8,53;300
70506;Brixlegg;15,71;478
70508;Ebbs;14,68;839
70509;Ellmau;23,66;678
70510;Erl;20,35;316
70511;Kirchbichl;13,56;796
70512;Kramsach;10,26;510
70513;Kufstein;29,08;5.674
70514;Kundl;15,9;757
70515;Langkampfen;12,33;513
70516;Mariastein;13,54;62
70517;Münster;8,18;283
70518;Niederndorf;15,18;428
70519;Niederndorferberg;15,56;112
70520;Radfeld;15,84;404
70521;Rattenberg;36,83;165
70522;Reith im Alpbachtal;13,98;387
70523;Rettenschöss;13,24;74
70524;Scheffau am Wilden Kaiser;17,75;267
70525;Schwoich;10,46;268
70526;Söll;12,9;480
70527;Thiersee;15,95;494
70528;Angerberg;7,64;147
70529;Walchsee;21,07;430
70530;Wildschönau;11,78;508
70531;Wörgl;25,57;3.626
70601;Faggen;7,05;27
70602;Fendels;7,64;21
70603;Fiss;12,46;124
70604;Fließ;6,37;197
70605;Flirsch;10,49;104
70606;Galtür;8,47;65
70607;Grins;4,65;64
70608;Ischgl;6,84;107
70609;Kappl;4,07;103
70610;Kaunerberg;4,12;18
70611;Kaunertal;7,31;45
70612;Kauns;3,98;20
70613;Ladis;8,16;44
70614;Landeck;17,04;1.310
70615;Nauders;13,29;205
70616;Pettneu am Arlberg;13,6;202
70617;Pfunds;10,14;262
70618;Pians;10,34;81
70619;Prutz;14,86;280
70620;Ried im Oberinntal;13,76;172
70621;St. Anton am Arlberg;17,86;421
70622;Schönwies;5,55;92
70623;See;4,87;61
70624;Serfaus;12,6;145
70625;Spiss;14,14;14
70626;Stanz bei Landeck;3,82;22
70627;Strengen;3,71;46
70628;Tobadill;6,89;35
70629;Tösens;9,19;70
70630;Zams;10,06;348
70701;Abfaltersbach;3,25;21
70702;Ainet;2,93;27
70703;Amlach;5,89;29
70704;Anras;3,5;43
70705;Assling;3,25;58
70706;Außervillgraten;1,07;8
70707;Dölsach;5,99;138
70708;Gaimberg;3,9;34
70709;Hopfgarten in Defereggen;3,94;27
70710;Innervillgraten;2,08;19
70711;Iselsberg-Stronach;8,6;52
70712;Kals am Großglockner;5,54;62
70713;Kartitsch;3,82;29
70714;Lavant;2,65;9
70715;Leisach;5,09;36
70716;Lienz;11,32;1.351
70717;Matrei in Osttirol;1,99;92
70718;Nikolsdorf;5,19;46
70719;Nußdorf-Debant;4,85;165
70720;Oberlienz;3,02;44
70721;Obertilliach;2,13;14
70723;Prägraten am Großvenediger;3,15;36
70724;St. Jakob in Defereggen;5,43;45
70725;St. Johann im Walde;2,69;8
70726;St. Veit in Defereggen;3,14;20
70727;Schlaiten;1,77;8
70728;Sillian;7,19;146
70729;Strassen;6,65;53
70731;Thurn;3,68;23
70732;Tristach;3,42;50
70733;Untertilliach;8,52;19
70734;Virgen;2,89;64
70735;Heinfels;7,64;77
70801;Bach;8,2;52
70802;Berwang;22,11;132
70803;Biberwier;20,92;132
70804;Bichlbach;19,82;153
70805;Breitenwang;16,63;246
70806;Ehenbichl;13,52;111
70807;Ehrwald;27,65;717
70808;Elbigenalp;11,76;104
70809;Elmen;12,28;48
70810;Forchach;11,92;31
70811;Grän;27,3;163
70812;Gramais;12,2;5
70813;Häselgehr;9,76;65
70814;Heiterwang;10,92;58
70815;Hinterhornbach;5,32;5
70816;Höfen;11,89;149
70817;Holzgau;12,14;47
70818;Jungholz;67,22;203
70819;Kaisers;14,1;11
70820;Lechaschau;18,55;386
70821;Lermoos;24,78;282
70822;Musau;16,15;62
70823;Namlos;10,77;7
70824;Nesselwängle;18,2;83
70825;Pfafflar;12,38;13
70826;Pflach;26,03;391
70827;Pinswang;23,44;94
70828;Reutte;29,13;2.036
70829;Schattwald;21,71;99
70830;Stanzach;15,05;73
70831;Steeg;5,16;34
70832;Tannheim;26,94;305
70833;Vils;21,71;322
70834;Vorderhornbach;7;18
70835;Wängle;15,69;148
70836;Weißenbach am Lech;12,08;153
70837;Zöblen;19,17;46
70901;Achenkirch;19,78;429
70902;Aschau im Zillertal;12,27;229
70903;Brandberg;3,8;14
70904;Bruck am Ziller;5,48;62
70905;Buch in Tirol;8,63;224
70907;Eben am Achensee;25,69;861
70908;Finkenberg;12,6;178
70909;Fügen;21,27;899
70910;Fügenberg;7,38;106
70911;Gallzein;5,15;35
70912;Gerlos;13,29;107
70913;Gerlosberg;3,18;15
70914;Hainzenberg;9,82;71
70915;Hart im Zillertal;8,25;132
70916;Hippach;8,39;121
70917;Jenbach;20,75;1.489
70918;Kaltenbach;17,44;230
70920;Mayrhofen;23,04;900
70921;Pill;8,15;98
70922;Ramsau im Zillertal;13,35;223
70923;Ried im Zillertal;16,2;207
70924;Rohrberg;5,34;31
70925;Schlitters;14,46;218
70926;Schwaz;16,37;2.261
70927;Schwendau;12,06;212
70928;Stans;10,1;218
70929;Steinberg am Rofan;18,82;54
70930;Strass im Zillertal;8,14;70
70931;Stumm;10,48;202
70932;Stummerberg;4,11;35
70933;Terfens;7,92;176
70934;Tux;15,28;294
70935;Uderns;12,03;221
70936;Vomp;11,6;613
70937;Weer;11,95;196
70938;Weerberg;4,77;119
70939;Wiesing;8,82;189
70940;Zell am Ziller;13,88;230
70941;Zellberg;5,74;39
80101;Bartholomäberg;9,67;229
80102;Blons;6,74;23
80103;Bludenz;26,65;3.987
80104;Bludesch;20,83;509
80105;Brand;25,72;197
80106;Bürs;18,23;611
80107;Bürserberg;10,52;59
80108;Dalaas;16,76;276
80109;Fontanella;6,13;28
80110;Gaschurn;12,21;176
80111;Innerbraz;13,08;132
80112;Klösterle;15,81;107
80113;Lech;19,21;303
80114;Lorüns;15,73;45
80115;Ludesch;16,52;601
80116;Nenzing;13,88;861
80117;Nüziders;11,89;590
80118;Raggal;8,89;78
80119;St. Anton im Montafon;9,52;66
80120;St. Gallenkirch;12,36;274
80121;St. Gerold;13,79;56
80122;Schruns;19,42;757
80123;Silbertal;3,53;30
80124;Sonntag;5,39;34
80125;Stallehr;12,32;34
80126;Thüringen;13,77;305
80127;Thüringerberg;6;42
80128;Tschagguns;11,46;249
80129;Vandans;13,5;370
80201;Alberschwende;7,42;238
80202;Andelsbuch;8,92;233
80203;Au;7,58;135
80204;Bezau;16,74;340
80205;Bildstein;9,06;73
80206;Bizau;10,89;121
80207;Bregenz;26,25;7.753
80208;Buch;6,23;38
80209;Damüls;14,98;49
80210;Doren;13,25;137
80211;Egg;8,87;324
80212;Eichenberg;18,23;76
80213;Fußach;16,99;658
80214;Gaißau;11,89;223
80215;Hard;18,8;2.555
80216;Hittisau;16,26;335
80217;Höchst;15,73;1.285
80218;Hörbranz;17,96;1.192
80219;Hohenweiler;17,71;235
80220;Kennelbach;16,71;315
80221;Krumbach;10,6;113
80222;Langen bei Bregenz;12,72;189
80223;Langenegg;11,65;135
80224;Lauterach;18,4;1.907
80225;Lingenau;11;171
80226;Lochau;23,85;1.489
80227;Mellau;12,42;160
80228;Mittelberg;46,69;2.310
80229;Möggers;12,6;66
80230;Reuthe;16,64;109
80231;Riefensberg;18,26;191
80232;Schnepfau;13,83;65
80233;Schoppernau;9,66;91
80234;Schröcken;14,56;30
80235;Schwarzach;14,88;583
80236;Schwarzenberg;9,16;167
80237;Sibratsgfäll;11,75;51
80238;Sulzberg;17,78;324
80239;Warth;9,36;16
80240;Wolfurt;17,34;1.501
80301;Dornbirn;20,04;10.072
80302;Hohenems;20,77;3.483
80303;Lustenau;19,69;4.623
80401;Altach;11,65;801
80402;Düns;6,45;26
80403;Dünserberg;10;14
80404;Feldkirch;22,26;7.687
80405;Frastanz;20,32;1.333
80406;Fraxern;7,51;54
80407;Göfis;10,96;364
80408;Götzis;19,85;2.336
80409;Klaus;14,68;458
80410;Koblach;10,87;521
80411;Laterns;5,48;37
80412;Mäder;12,39;507
80413;Meiningen;16,27;382
80414;Rankweil;17,66;2.124
80415;Röns;10,29;36
80416;Röthis;14,82;320
80417;Satteins;8,81;240
80418;Schlins;18,02;452
80419;Schnifis;8,79;71
80420;Sulz;13,44;349
80421;Übersaxen;6,62;41
80422;Viktorsberg;7,71;32
80423;Weiler;14,33;311
80424;Zwischenwasser;12,56;418
90101;Wien-Innere Stadt;25,76;4.087
90201;Wien-Leopoldstadt;34,85;36.679
90301;Wien-Landstraße;32,95;30.727
90401;Wien-Wieden;32,71;10.818
90501;Wien-Margareten;38,66;21.018
90601;Wien-Mariahilf;30,84;9.665
90701;Wien-Neubau;29,83;9.451
90801;Wien-Josefstadt;30,25;7.371
90901;Wien-Alsergrund;32,83;13.728
91001;Wien-Favoriten;38,85;81.809
91101;Wien-Simmering;31,53;33.109
91201;Wien-Meidling;35,87;34.798
91301;Wien-Hietzing;21,31;11.485
91401;Wien-Penzing;27,04;25.244
91501;Wien-Rudolfsheim-Fünfhaus;42,64;32.464
91601;Wien-Ottakring;37,18;38.101
91701;Wien-Hernals;35,01;19.774
91801;Wien-Währing;28,28;14.513
91901;Wien-Döbling;26,36;19.469
92001;Wien-Brigittenau;39,43;33.616
92101;Wien-Floridsdorf;26,74;46.501
92201;Wien-Donaustadt;22,85;45.431
92301;Wien-Liesing;21,98;24.577