municipality_id;municipality_name;sh_pop_uni;pop_uni
10101;Eisenstadt;26,45;2.208
10201;Rust;12,62;130
10301;Breitenbrunn am Neusiedler See;17,19;174
10302;Donnerskirchen;14,87;153
10303;Großhöflein;17,59;217
10304;Hornstein;16,68;291
10305;Klingenbach;11,89;81
10306;Leithaprodersdorf;14,12;96
10307;Mörbisch am See;10,84;122
10308;Müllendorf;20,08;157
10309;Neufeld an der Leitha;16,99;323
10310;Oggau am Neusiedler See;11,61;109
10311;Oslip;15,35;105
10312;Purbach am Neusiedler See;13,64;223
10313;Sankt Margarethen im Burgenland;14,12;213
10314;Schützen am Gebirge;18,59;140
10315;Siegendorf;14,58;248
10316;Steinbrunn;16,91;256
10317;Trausdorf an der Wulka;20,16;232
10318;Wimpassing an der Leitha;12,97;131
10319;Wulkaprodersdorf;16,91;184
10320;Loretto;9,44;27
10321;Stotzing;7,49;34
10322;Zillingtal;13,63;80
10323;Zagersdorf;19,8;116
10401;Bocksdorf;6,22;26
10402;Burgauberg-Neudauberg;8,72;65
10403;Eberau;13,3;62
10404;Gerersdorf-Sulz;10,61;56
10405;Güssing;16,58;314
10406;Güttenbach;12,55;63
10407;Heiligenbrunn;11,14;45
10408;Kukmirn;11,92;127
10409;Neuberg im Burgenland;6,44;36
10410;Neustift bei Güssing;7,75;20
10411;Olbendorf;8,6;68
10412;Ollersdorf im Burgenland;10,17;54
10413;Sankt Michael im Burgenland;12,84;67
10414;Stegersbach;12,68;183
10415;Stinatz;14,7;97
10416;Strem;10,3;44
10417;Tobaj;11,99;95
10418;Hackerberg;8,07;18
10419;Wörterberg;8,96;24
10420;Großmürbisch;15,56;21
10421;Inzenhof;5,2;9
10422;Kleinmürbisch;5,3;7
10423;Tschanigraben;2,94;1
10424;Heugraben;6,77;9
10425;Rohr im Burgenland;4,19;9
10426;Bildein;12,11;23
10427;Rauchwart;11,81;30
10428;Moschendorf;11,88;24
10501;Deutsch Kaltenbrunn;11,34;114
10502;Eltendorf;10,02;53
10503;Heiligenkreuz im Lafnitztal;8,22;55
10504;Jennersdorf;10,47;249
10505;Minihof-Liebau;7,1;43
10506;Mogersdorf;7,72;48
10507;Neuhaus am Klausenbach;8,6;43
10508;Rudersdorf;12,31;152
10509;Sankt Martin an der Raab;10,56;117
10510;Weichselbaum;9;37
10511;Königsdorf;6,81;28
10512;Mühlgraben;6,12;15
10601;Draßburg;12,35;80
10602;Forchtenstein;17,01;256
10603;Hirm;11,17;67
10604;Loipersbach im Burgenland;9,29;60
10605;Marz;13,68;157
10606;Mattersburg;17,22;721
10607;Neudörfl;13,54;346
10608;Pöttelsdorf;21,67;91
10609;Pöttsching;17,85;287
10610;Rohrbach bei Mattersburg;10,97;159
10611;Bad Sauerbrunn;21,44;250
10612;Schattendorf;11,81;158
10613;Sieggraben;11,49;80
10614;Sigleß;17,65;114
10615;Wiesen;14,21;209
10616;Antau;9,85;46
10617;Baumgarten;14,73;71
10618;Zemendorf-Stöttera;13,83;99
10619;Krensdorf;12,17;42
10701;Andau;6,42;82
10702;Apetlon;11,1;105
10703;Bruckneudorf;13,5;255
10704;Deutsch Jahrndorf;8,28;28
10705;Frauenkirchen;10,46;169
10706;Gattendorf;11,62;87
10707;Gols;16,15;360
10708;Halbturn;14,11;145
10709;Illmitz;12,76;171
10710;Jois;18,06;168
10711;Kittsee;18,84;328
10712;Mönchhof;10,68;136
10713;Neusiedl am See;24,72;1.249
10714;Nickelsdorf;12,08;122
10715;Pama;13,66;91
10716;Pamhagen;7,62;66
10717;Parndorf;11,41;318
10718;Podersdorf am See;16,9;201
10719;Sankt Andrä am Zicksee;12,38;93
10720;Tadten;11,32;73
10721;Wallern im Burgenland;6,99;67
10722;Weiden am See;22,58;319
10723;Winden am See;13,03;98
10724;Zurndorf;11,85;148
10725;Neudorf;12,28;48
10726;Potzneusiedl;10,26;35
10727;Edelstal;15,19;65
10801;Deutschkreutz;12,9;214
10802;Draßmarkt;10,79;79
10803;Frankenau-Unterpullendorf;13,39;79
10804;Großwarasdorf;14,25;104
10805;Horitschon;13,05;134
10806;Kaisersdorf;9,4;30
10807;Kobersdorf;8,73;93
10808;Lackenbach;7,95;49
10809;Lockenhaus;11,05;122
10810;Lutzmannsburg;10,76;51
10811;Mannersdorf an der Rabnitz;9,63;95
10812;Markt Sankt Martin;11,3;75
10813;Neckenmarkt;11,73;107
10814;Neutal;10,42;62
10815;Nikitsch;13,16;87
10816;Oberpullendorf;14,6;263
10817;Pilgersdorf;10,11;97
10818;Piringsdorf;8,58;40
10819;Raiding;8,69;37
10820;Ritzing;11,6;55
10821;Steinberg-Dörfl;13,54;96
10822;Stoob;14,13;105
10823;Weppersdorf;9,13;88
10824;Lackendorf;5,78;20
10825;Unterfrauenhaid;7,65;28
10826;Unterrabnitz-Schwendgraben;6,32;23
10827;Weingraben;11,8;21
10828;Oberloisdorf;8,83;40
10901;Bad Tatzmannsdorf;21,4;186
10902;Bernstein;12;136
10903;Deutsch Schützen-Eisenberg;8,35;50
10904;Grafenschachen;6,83;51
10905;Großpetersdorf;12,44;242
10906;Hannersdorf;11,56;46
10907;Kemeten;9;79
10908;Kohfidisch;8,45;69
10909;Litzelsdorf;9,28;59
10910;Loipersdorf-Kitzladen;5,45;41
10911;Mariasdorf;11,42;74
10912;Markt Allhau;15,15;153
10913;Markt Neuhodis;5,36;20
10914;Mischendorf;8,76;72
10915;Oberdorf im Burgenland;7,32;41
10916;Oberschützen;19,71;244
10917;Oberwart;16,08;660
10918;Pinkafeld;15,27;468
10919;Rechnitz;9,11;140
10920;Riedlingsdorf;9,29;83
10921;Rotenturm an der Pinka;12,36;102
10922;Schachendorf;16,11;63
10923;Stadtschlaining;9,85;106
10924;Unterkohlstätten;9,86;55
10925;Unterwart;7,89;43
10926;Weiden bei Rechnitz;9,32;40
10927;Wiesfleck;10,3;71
10928;Wolfau;10,6;86
10929;Neustift an der Lafnitz;8;38
10930;Jabing;11,51;48
10931;Badersdorf;5,77;9
10932;Schandorf;12,12;16
20101;Klagenfurt am Wörthersee;24,62;14.030
20201;Villach;19,37;6.835
20302;Dellach;11,04;71
20305;Hermagor-Pressegger See;14,69;528
20306;Kirchbach;8,67;113
20307;Kötschach-Mauthen;11,4;200
20316;St. Stefan im Gailtal;11,82;96
20320;Gitschtal;10,87;71
20321;Lesachtal;12,56;80
20402;Ebenthal in Kärnten;13,14;596
20403;Feistritz im Rosental;15,2;200
20405;Ferlach;13,88;532
20409;Grafenstein;15,08;254
20412;Keutschach am See;22,9;308
20414;Köttmannsdorf;15,41;258
20415;Krumpendorf am Wörthersee;36,61;681
20416;Ludmannsdorf;17,03;170
20417;Maria Rain;21,72;314
20418;Maria Saal;23,59;490
20419;Maria Wörth;33,56;290
20421;Moosburg;17,67;412
20424;Pörtschach am Wörther See;27,83;438
20425;Poggersdorf;12,51;225
20428;St. Margareten im Rosental;11,03;64
20432;Schiefling am Wörthersee;16,49;248
20435;Techelsberg am Wörther See;14,82;185
20441;Zell;17,65;57
20442;Magdalensberg;15,22;283
20501;Althofen;10,52;276
20502;Brückl;9,57;147
20503;Deutsch-Griffen;5,47;26
20504;Eberstein;9,16;60
20505;Friesach;11,72;306
20506;Glödnitz;8,76;39
20508;Gurk;8,2;53
20509;Guttaring;12,56;104
20511;Hüttenberg;5,95;44
20512;Kappel am Krappfeld;11,98;127
20513;Klein St. Paul;8,31;75
20515;Liebenfels;12,91;234
20518;Metnitz;9,56;96
20519;Micheldorf;8,03;44
20520;Mölbling;12;87
20523;St. Georgen am Längsee;17,35;345
20527;St. Veit an der Glan;14,33;975
20530;Straßburg;10,28;107
20531;Weitensfeld im Gurktal;9,29;101
20534;Frauenstein;18,87;364
20601;Bad Kleinkirchheim;12,7;120
20602;Baldramsdorf;6,68;70
20603;Berg im Drautal;11,71;80
20604;Dellach im Drautal;8,47;71
20605;Großkirchheim;7,89;54
20607;Flattach;5,51;36
20608;Gmünd in Kärnten;10,55;143
20609;Greifenburg;9,25;85
20610;Heiligenblut am Großglockner;8,18;41
20611;Irschen;7,77;83
20613;Kleblach-Lind;8,95;56
20616;Lendorf;10,93;106
20618;Mallnitz;11,96;47
20619;Malta;7,18;77
20620;Millstatt am See;17,33;317
20622;Mörtschach;7,16;33
20624;Mühldorf;8,12;42
20625;Oberdrauburg;7,68;47
20627;Obervellach;9,1;106
20630;Radenthein;9,53;295
20631;Rangersdorf;4,89;45
20632;Rennweg am Katschberg;7,52;72
20633;Sachsenburg;8,51;60
20634;Seeboden am Millstätter See;17,26;587
20635;Spittal an der Drau;11,9;996
20636;Stall;4,11;35
20637;Steinfeld;7,33;78
20638;Trebesing;8,15;53
20639;Weißensee;14,03;54
20640;Winklern;8,98;59
20642;Krems in Kärnten;5,27;47
20643;Lurnfeld;12,32;180
20644;Reißeck;7,63;85
20701;Afritz am See;9,66;71
20702;Arnoldstein;10,6;411
20703;Arriach;11,1;81
20705;Bad Bleiberg;10,18;118
20707;Feistritz an der Gail;12,86;40
20708;Feld am See;11,51;67
20710;Ferndorf;8,32;96
20711;Finkenstein am Faaker See;17,08;880
20712;Fresach;10,07;68
20713;Hohenthurn;15,38;76
20719;Nötsch im Gailtal;13,89;176
20720;Paternion;9,92;310
20721;Rosegg;14,41;155
20722;St. Jakob im Rosental;12,24;287
20723;Stockenboi;10,21;89
20724;Treffen am Ossiacher See;19,09;447
20725;Velden am Wörther See;17,54;858
20726;Weißenstein;13,5;214
20727;Wernberg;17,12;527
20801;Bleiburg;11,34;257
20802;Diex;10,58;44
20803;Eberndorf;10,44;337
20804;Eisenkappel-Vellach;9,14;110
20805;Feistritz ob Bleiburg;13,9;172
20806;Gallizien;11,16;109
20807;Globasnitz;9;83
20808;Griffen;10,39;197
20810;Neuhaus;12,87;70
20812;Ruden;8,26;69
20813;St. Kanzian am Klopeiner See;15,52;381
20815;Sittersdorf;12,08;136
20817;Völkermarkt;13,43;799
20901;Bad St. Leonhard im Lavanttal;8,64;196
20905;Frantschach-St. Gertraud;7,98;108
20909;Lavamünd;6,54;101
20911;Preitenegg;7,23;35
20912;Reichenfels;5,77;57
20913;St. Andrä;8,45;456
20914;St. Georgen im Lavanttal;8,4;92
20918;St. Paul im Lavanttal;11,48;199
20923;Wolfsberg;13,11;1.770
21001;Albeck;11,32;59
21002;Feldkirchen in Kärnten;13,25;1.042
21003;Glanegg;11,22;113
21004;Gnesau;11,75;65
21005;Himmelberg;11,59;146
21006;Ossiach;27,82;111
21007;Reichenau;6,26;59
21008;St. Urban;12,41;106
21009;Steindorf am Ossiacher See;16,73;335
21010;Steuerberg;8,84;82
30101;Krems an der Donau;20,44;2.831
30201;St. Pölten;17,38;5.289
30301;Waidhofen an der Ybbs;17,58;1.030
30401;Wiener Neustadt;18,11;4.608
30501;Allhartsberg;12,1;143
30502;Amstetten;13,48;1.774
30503;Ardagger;11,74;221
30504;Aschbach-Markt;11,88;246
30506;Behamberg;12,29;233
30507;Biberbach;10,95;140
30508;Ennsdorf;10,46;179
30509;Ernsthofen;11,5;145
30510;Ertl;7,71;54
30511;Euratsfeld;11,52;172
30512;Ferschnitz;12,58;132
30514;Haag;14,7;464
30515;Haidershofen;12,64;256
30516;Hollenstein an der Ybbs;11,02;96
30517;Kematen an der Ybbs;7,85;112
30520;Neuhofen an der Ybbs;13;209
30521;Neustadtl an der Donau;8,84;104
30522;Oed-Oehling;14,53;164
30524;Opponitz;8,16;39
30526;St. Georgen am Reith;5,05;14
30527;St. Georgen am Ybbsfelde;11,32;177
30529;St. Pantaleon-Erla;11,19;171
30530;St. Peter in der Au;12,66;352
30531;St. Valentin;14,2;747
30532;Seitenstetten;14,09;261
30533;Sonntagberg;8,66;174
30534;Strengberg;10,88;123
30536;Viehdorf;11,39;82
30538;Wallsee-Sindelburg;10,74;125
30539;Weistrach;12,51;157
30541;Winklarn;15,82;161
30542;Wolfsbach;14,94;174
30543;Ybbsitz;10,05;179
30544;Zeillern;10,53;109
30601;Alland;16,83;252
30602;Altenmarkt an der Triesting;12,58;146
30603;Bad Vöslau;22,65;1.468
30604;Baden;29,91;4.058
30605;Berndorf;11,3;553
30607;Ebreichsdorf;13,72;890
30608;Enzesfeld-Lindabrunn;14,35;331
30609;Furth an der Triesting;9,3;44
30612;Günselsdorf;7,75;78
30613;Heiligenkreuz;28,27;242
30614;Hernstein;17,14;146
30615;Hirtenberg;8,98;138
30616;Klausen-Leopoldsdorf;12,1;118
30618;Kottingbrunn;14,4;602
30620;Leobersdorf;13,93;384
30621;Mitterndorf an der Fischa;10,27;176
30623;Oberwaltersdorf;19,16;526
30625;Pfaffstätten;28,46;555
30626;Pottendorf;12,82;522
30627;Pottenstein;10,08;159
30629;Reisenberg;8,76;89
30631;Schönau an der Triesting;14,87;183
30633;Seibersdorf;11,01;94
30635;Sooß;21,25;122
30636;Tattendorf;15,31;128
30637;Teesdorf;10,91;118
30639;Traiskirchen;13,92;1.506
30641;Trumau;15,08;325
30645;Weissenbach an der Triesting;11,78;111
30646;Blumau-Neurißhof;8,98;100
30701;Au am Leithaberge;9,96;53
30702;Bad Deutsch-Altenburg;11,55;115
30703;Berg;17,05;81
30704;Bruck an der Leitha;15,02;649
30706;Enzersdorf an der Fischa;9,93;191
30708;Göttlesbrunn-Arbesthal;14,36;117
30709;Götzendorf an der Leitha;13,32;153
30710;Hainburg a.d. Donau;14,97;537
30711;Haslau-Maria Ellend;15,69;179
30712;Höflein;11,38;80
30713;Hof am Leithaberge;10,64;91
30715;Hundsheim;12,31;41
30716;Mannersdorf am Leithagebirge;10,21;232
30718;Petronell-Carnuntum;14,04;99
30719;Prellenkirchen;12,77;114
30721;Rohrau;11,06;100
30722;Scharndorf;15,11;99
30724;Sommerein;12,69;152
30726;Trautmannsdorf an der Leitha;11,12;188
30728;Wolfsthal;14,82;91
30729;Ebergassing;8,33;191
30730;Fischamend;11,57;378
30731;Gramatneusiedl;16,61;342
30732;Himberg;14,6;606
30733;Klein-Neusiedl;6,48;33
30734;Lanzendorf;14,2;157
30735;Leopoldsdorf;22,98;688
30736;Maria-Lanzendorf;14,74;180
30737;Moosbrunn;15,53;159
30738;Rauchenwarth;16,19;73
30739;Schwadorf;9,96;124
30740;Schwechat;11,69;1.307
30741;Zwölfaxing;11,44;113
30801;Aderklaa;16,1;19
30802;Andlersdorf;19,75;16
30803;Angern an der March;8,69;163
30804;Auersthal;12,35;133
30805;Bad Pirawarth;12,54;116
30808;Deutsch-Wagram;16,58;826
30810;Drösing;10,37;67
30811;Dürnkrut;8,77;108
30812;Ebenthal;9,66;51
30813;Eckartsau;9,5;70
30814;Engelhartstetten;8,06;94
30817;Gänserndorf;14,79;960
30819;Glinzendorf;7,6;13
30821;Groß-Enzersdorf;16,35;1.068
30822;Großhofen;13,33;8
30824;Groß-Schweinbarth;12,69;92
30825;Haringsee;11,6;77
30826;Hauskirchen;5,63;39
30827;Hohenau an der March;6,79;96
30828;Hohenruppersdorf;10,23;53
30829;Jedenspeigen;10,66;65
30830;Lassee;8,52;142
30831;Leopoldsdorf im Marchfelde;12,4;202
30834;Mannsdorf an der Donau;11,67;28
30835;Marchegg;8,02;127
30836;Markgrafneusiedl;8,97;46
30838;Matzen-Raggendorf;11,75;181
30841;Neusiedl an der Zaya;7,78;53
30842;Obersiebenbrunn;8,93;86
30844;Orth an der Donau;10,44;118
30845;Palterndorf-Dobermannsdorf;6,73;49
30846;Parbasdorf;15,73;14
30848;Prottes;10,05;84
30849;Raasdorf;12,81;47
30850;Ringelsdorf-Niederabsdorf;6;41
30852;Schönkirchen-Reyersdorf;10,97;120
30854;Spannberg;7,36;43
30856;Strasshof an der Nordbahn;12,9;765
30857;Sulz im Weinviertel;10,92;76
30858;Untersiebenbrunn;8,86;91
30859;Velm-Götzendorf;7,75;33
30860;Weikendorf;13,33;147
30863;Zistersdorf;8,77;256
30865;Weiden an der March;11,21;64
30902;Amaliendorf-Aalfang;8,13;49
30903;Brand-Nagelberg;8,28;67
30904;Eggern;5,71;21
30906;Eisgarn;4,05;14
30908;Gmünd;13,28;374
30909;Großdietmanns;8,54;104
30910;Bad Großpertholz;8,52;60
30912;Großschönau;9,97;65
30913;Moorbad Harbach;10,8;43
30915;Haugschlag;5,29;12
30916;Heidenreichstein;8,29;167
30917;Hirschbach;10,24;34
30920;Hoheneich;11,63;85
30921;Kirchberg am Walde;8,42;57
30925;Litschau;8,57;96
30929;Reingers;5,95;20
30932;St. Martin;8,19;49
30935;Schrems;8,24;233
30939;Unserfrau-Altweitra;9,58;50
30940;Waldenstein;9,38;64
30942;Weitra;11,52;155
31001;Alberndorf im Pulkautal;4,43;18
31008;Göllersdorf;11,34;202
31009;Grabern;10,3;101
31014;Guntersdorf;6,63;43
31015;Hadres;8,39;80
31016;Hardegg;7,11;49
31018;Haugsdorf;7,59;61
31019;Heldenberg;11,13;85
31021;Hohenwarth-Mühlbach a.M.;10,35;74
31022;Hollabrunn;17,14;1.140
31025;Mailberg;9,4;28
31026;Maissau;12,17;132
31028;Nappersdorf-Kammersdorf;10,62;72
31033;Pernersdorf;6,63;36
31035;Pulkau;13,74;108
31036;Ravelsbach;10,94;99
31037;Retz;14,59;329
31038;Retzbach;8,75;45
31041;Schrattenthal;9,98;45
31042;Seefeld-Kadolz;5,33;27
31043;Sitzendorf an der Schmida;12,02;137
31051;Wullersdorf;10,65;140
31052;Zellerndorf;11,77;157
31053;Ziersdorf;11,17;211
31101;Altenburg;12,85;55
31102;Brunn an der Wild;8,53;40
31103;Burgschleinitz-Kühnring;9,01;69
31104;Drosendorf-Zissersdorf;12,35;74
31105;Eggenburg;17,82;321
31106;Gars am Kamp;14,62;272
31107;Geras;8,14;54
31109;Horn;15,3;513
31110;Irnfritz-Messern;8,1;64
31111;Japons;6,53;25
31113;Langau;6,92;24
31114;Meiseldorf;10,71;51
31117;Pernegg;11,88;43
31119;Röhrenbach;11,48;31
31120;Röschitz;11,62;69
31121;Rosenburg-Mold;7,35;33
31123;St. Bernhard-Frauenhofen;10,71;77
31124;Sigmundsherberg;9,84;86
31129;Weitersfeld;10,69;87
31130;Straning-Grafenberg;10,1;40
31201;Bisamberg;34,17;870
31202;Enzersfeld im Weinviertel;17,57;171
31203;Ernstbrunn;11,18;206
31204;Großmugl;12,34;114
31205;Großrußbach;15,02;184
31206;Hagenbrunn;23,97;320
31207;Harmannsdorf;18,56;410
31208;Hausleiten;13,66;300
31213;Korneuburg;22,45;1.741
31214;Langenzersdorf;32,01;1.387
31215;Leitzersdorf;19,49;137
31216;Leobendorf;22,91;629
31224;Rußbach;10;78
31226;Sierndorf;15,31;348
31227;Spillern;16,18;231
31228;Stetteldorf am Wagram;11,09;67
31229;Stetten;17,63;137
31230;Stockerau;18,47;1.775
31234;Niederhollabrunn;16,22;145
31235;Gerasdorf bei Wien;18,34;1.159
31301;Aggsbach;11,33;40
31302;Albrechtsberg an der Großen Krems;9,72;53
31303;Bergern im Dunkelsteinerwald;13,81;100
31304;Dürnstein;18,78;86
31308;Grafenegg;13,12;235
31309;Furth bei Göttweig;21,19;346
31310;Gedersdorf;11,77;143
31311;Gföhl;9,62;200
31315;Hadersdorf-Kammern;12,45;132
31319;Jaidhof;11,85;80
31321;Krumau am Kamp;8,47;32
31322;Langenlois;17,12;707
31323;Lengenfeld;11,86;92
31324;Lichtenau im Waldviertel;5,87;66
31326;Maria Laach am Jauerling;11,89;58
31327;Mautern an der Donau;20,11;389
31330;Mühldorf;9,56;67
31333;Paudorf;15,72;222
31336;Rastenfeld;10,32;89
31337;Rohrendorf bei Krems;17,83;204
31338;Rossatz-Arnsdorf;15,77;85
31340;St. Leonhard am Hornerwald;9,26;56
31343;Senftenberg;15,76;166
31344;Spitz;16,51;140
31346;Straß im Straßertale;14,79;138
31347;Stratzing;21,6;105
31350;Weinzierl am Walde;6,97;46
31351;Weißenkirchen in der Wachau;18,55;141
31355;Schönberg am Kamp;15,42;156
31356;Droß;23,03;137
31401;Annaberg;11,54;30
31402;Eschenau;7,78;56
31403;Hainfeld;9,28;180
31404;Hohenberg;8,99;70
31405;Kaumberg;12,33;73
31406;Kleinzell;7,77;37
31407;Lilienfeld;15,23;219
31408;Mitterbach am Erlaufsee;9,7;23
31409;Ramsau;10,18;46
31410;Rohrbach an der Gölsen;11,78;98
31411;St. Aegyd am Neuwalde;8,79;82
31412;St. Veit an der Gölsen;11,45;244
31413;Traisen;8,19;146
31414;Türnitz;11,27;111
31502;Artstetten-Pöbring;11,21;72
31503;Bergland;9,08;97
31504;Bischofstetten;7,88;53
31505;Blindenmarkt;10,94;164
31506;Dorfstetten;2,5;8
31507;Dunkelsteinerwald;11,59;160
31508;Erlauf;10,11;56
31509;Golling an der Erlauf;4,74;41
31511;Hofamt Priel;12,33;118
31513;Hürm;12,09;125
31514;Kilb;11,88;169
31515;Kirnberg an der Mank;8,13;49
31516;Klein-Pöchlarn;12,7;73
31517;Krummnußbaum;12,53;107
31519;Leiben;8,61;67
31520;Loosdorf;10,96;228
31521;Mank;11,95;200
31522;Marbach an der Donau;9,74;91
31523;Maria Taferl;8,56;45
31524;Melk;19,12;581
31525;Münichreith-Laimbach;5,61;52
31527;Neumarkt an der Ybbs;10,7;120
31528;Nöchling;8,92;51
31530;Persenbeug-Gottsdorf;10,31;130
31531;Petzenkirchen;10,47;84
31533;Pöchlarn;11,35;247
31534;Pöggstall;8,81;112
31535;Raxendorf;6,51;38
31537;Ruprechtshofen;9,61;122
31539;St. Leonhard am Forst;9,19;152
31540;St. Martin-Karlsbach;11,77;109
31541;St. Oswald;7,71;45
31542;Schönbühel-Aggsbach;16,3;90
31543;Schollach;12,44;75
31546;Weiten;6,24;37
31549;Ybbs an der Donau;11,7;348
31550;Zelking-Matzleinsdorf;13,48;91
31551;Texingtal;8,45;76
31552;Yspertal;10,11;107
31553;Emmersdorf an der Donau;15,84;154
31601;Altlichtenwarth;4,87;21
31603;Asparn an der Zaya;8,54;87
31604;Bernhardsthal;6,98;60
31605;Bockfließ;11,42;85
31606;Drasenhofen;7,71;44
31608;Falkenstein;22,8;57
31609;Fallbach;11,49;50
31611;Gaubitsch;9,3;48
31612;Gaweinstal;11,6;261
31613;Gnadendorf;10,95;68
31614;Großebersdorf;14,04;173
31615;Großengersdorf;10,62;88
31616;Großharras;7,69;49
31617;Großkrut;8,96;79
31620;Hausbrunn;4,12;20
31621;Herrnbaumgarten;11,29;57
31622;Hochleithen;12,06;79
31627;Kreuttal;17,65;146
31628;Kreuzstetten;18,91;167
31629;Laa an der Thaya;10,96;377
31630;Ladendorf;11,13;144
31633;Mistelbach;15,6;1.006
31634;Neudorf bei Staatz;7,74;63
31636;Niederleis;11,84;61
31642;Pillichsdorf;20,06;131
31644;Poysdorf;9,84;292
31645;Rabensburg;6,13;35
31646;Schrattenberg;4,46;19
31649;Staatz;8,06;88
31650;Stronsdorf;7,56;69
31651;Ulrichskirchen-Schleinbach;15,65;229
31652;Unterstinkenbrunn;8,23;26
31653;Wildendürnbach;8,85;75
31654;Wilfersdorf;7,01;87
31655;Wolkersdorf im Weinviertel;23,97;974
31658;Ottenthal;9,36;28
31701;Achau;15,73;131
31702;Biedermannsdorf;24,38;415
31703;Breitenfurt bei Wien;30,38;917
31704;Brunn am Gebirge;28,63;1.893
31706;Gaaden;31,06;291
31707;Gießhübl;43,01;535
31709;Gumpoldskirchen;29,43;636
31710;Guntramsdorf;18,59;971
31711;Hennersdorf;22,61;199
31712;Hinterbrühl;35,51;703
31713;Kaltenleutgeben;22,24;415
31714;Laab im Walde;32,28;183
31715;Laxenburg;27,71;419
31716;Maria Enzersdorf;37,06;1.586
31717;Mödling;32,38;3.616
31718;Münchendorf;20,77;345
31719;Perchtoldsdorf;40,68;3.074
31723;Vösendorf;16,92;739
31725;Wiener Neudorf;19,68;1.002
31726;Wienerwald;23,84;386
31801;Altendorf;8,25;17
31802;Aspang-Markt;15,77;158
31803;Aspangberg-St. Peter;12,39;124
31804;Breitenau;12,37;117
31805;Breitenstein;10,56;19
31806;Buchbach;22,46;42
31807;Edlitz;14,69;73
31808;Enzenreith;13,55;145
31809;Feistritz am Wechsel;9,68;54
31810;Gloggnitz;8,86;279
31811;Grafenbach-St. Valentin;11,3;138
31812;Grimmenstein;12,02;85
31813;Grünbach am Schneeberg;10,37;88
31814;Kirchberg am Wechsel;16,34;211
31815;Mönichkirchen;10,03;34
31817;Natschbach-Loipersbach;12,59;119
31818;Neunkirchen;12,44;849
31820;Otterthal;10,03;33
31821;Payerbach;15,54;172
31823;Pitten;18,05;277
31825;Prigglitz;10,98;27
31826;Puchberg am Schneeberg;11,94;164
31827;Raach am Hochgebirge;14,2;23
31829;Reichenau an der Rax;14,64;187
31830;St. Corona am Wechsel;12,12;24
31831;St. Egyden am Steinfeld;14,66;169
31832;Scheiblingkirchen-Thernberg;16,02;166
31833;Schottwien;6,68;26
31834;Schrattenbach;9,13;20
31835;Schwarzau am Steinfeld;12,25;141
31836;Schwarzau im Gebirge;5,79;19
31837;Seebenstein;17,07;147
31838;Semmering;11,94;32
31839;Ternitz;10,95;857
31840;Thomasberg;8,33;57
31841;Trattenbach;6,45;20
31842;Bürg-Vöstenhof;13,79;12
31843;Warth;13,28;108
31844;Wartmannstetten;16,23;147
31845;Willendorf;16,95;99
31846;Wimpassing im Schwarzatale;7,9;68
31847;Würflach;17,7;151
31848;Zöbern;10,75;86
31849;Höflein an der Hohen Wand;15,11;73
31901;Altlengbach;13,98;239
31902;Asperhofen;12,23;158
31903;Böheimkirchen;14,03;406
31904;Brand-Laaben;15,07;107
31905;Eichgraben;28,62;706
31906;Frankenfels;6,58;67
31907;Gerersdorf;16,27;83
31909;Hofstetten-Grünau;10,54;157
31910;Hafnerbach;14,3;135
31911;Haunoldstein;10,47;73
31912;Herzogenburg;10,82;454
31913;Inzersdorf-Getzersdorf;12,29;110
31915;Kapelln;13,45;106
31916;Karlstetten;14,73;179
31917;Kasten bei Böheimkirchen;17,41;132
31918;Kirchberg an der Pielach;10,27;173
31919;Kirchstetten;12,82;153
31920;Loich;6,69;20
31921;Maria-Anzbach;26,82;438
31922;Markersdorf-Haindorf;13,22;156
31923;Michelbach;7,39;38
31925;Neidling;19,95;164
31926;Neulengbach;21,7;969
31927;Neustift-Innermanzing;14,91;137
31928;Nußdorf ob der Traisen;13,7;143
31929;Ober-Grafendorf;13,6;350
31930;Obritzberg-Rust;12,91;161
31932;Prinzersdorf;17,57;162
31934;Pyhra;15,94;315
31935;Rabenstein an der Pielach;9,98;147
31938;St. Margarethen an der Sierning;13,31;78
31939;Schwarzenbach an der Pielach;3,13;6
31940;Statzendorf;11,76;96
31941;Stössing;12,5;60
31943;Traismauer;10,19;355
31945;Weinburg;10,55;80
31946;Perschling;12,14;96
31947;Wilhelmsburg;10,79;374
31948;Wölbling;15,9;233
31949;Gablitz;30,5;800
31950;Mauerbach;32,75;622
31951;Pressbaum;28,87;1.198
31952;Purkersdorf;30,48;1.669
31953;Tullnerbach;31,55;483
31954;Wolfsgraben;28,59;271
32001;Gaming;9,85;155
32002;Göstling an der Ybbs;9,34;97
32003;Gresten;11,89;138
32004;Gresten-Land;8,32;68
32005;Lunz am See;10,8;97
32006;Oberndorf an der Melk;7,45;118
32007;Puchenstuben;9,15;15
32008;Purgstall an der Erlauf;10,19;292
32009;Randegg;6,24;61
32010;Reinsberg;6,56;37
32011;St. Anton an der Jeßnitz;3,78;23
32012;St. Georgen an der Leys;5,56;41
32013;Scheibbs;17,81;383
32014;Steinakirchen am Forst;12,39;153
32015;Wang;8,3;60
32016;Wieselburg;14,54;364
32017;Wieselburg-Land;12,55;236
32018;Wolfpassing;10,61;94
32101;Absdorf;13,59;168
32104;Atzenbrugg;13,2;241
32106;Fels am Wagram;14,93;204
32107;Grafenwörth;11,19;192
32109;Großriedenthal;9,14;48
32110;Großweikersdorf;13,29;235
32112;Judenau-Baumgarten;16,67;213
32114;Kirchberg am Wagram;14,49;294
32115;Königsbrunn am Wagram;10,82;86
32116;Königstetten;21,64;309
32119;Langenrohr;12,1;165
32120;Michelhausen;17,59;349
32131;Sieghartskirchen;15,62;671
32132;Sitzenberg-Reidling;14,15;177
32134;Tulbing;17,61;285
32135;Tulln an der Donau;19,92;1.843
32139;Würmla;12,25;103
32140;Zeiselmauer-Wolfpassing;22,42;278
32141;Zwentendorf an der Donau;7,38;170
32142;St. Andrä-Wördern;26,44;1.128
32143;Muckendorf-Wipfing;15,81;153
32144;Klosterneuburg;39,43;5.662
32202;Dietmanns;7,57;44
32203;Dobersberg;7,54;64
32206;Gastern;7,03;47
32207;Groß-Siegharts;7,94;114
32209;Karlstein an der Thaya;7,75;61
32210;Kautzen;7,55;46
32212;Ludweis-Aigen;8,8;41
32214;Pfaffenschlag bei Waidhofen a.d.Thaya;9,13;46
32216;Raabs an der Thaya;10,18;139
32217;Thaya;9,48;74
32219;Vitis;7,72;112
32220;Waidhofen an der Thaya;16,41;471
32221;Waidhofen an der Thaya-Land;9,08;67
32222;Waldkirchen an der Thaya;8,99;24
32223;Windigsteig;8,91;46
32301;Bad Fischau-Brunn;25,67;496
32302;Bad Schönau;10,6;39
32304;Ebenfurth;9,76;170
32305;Eggendorf;10,17;262
32306;Bad Erlach;14,23;252
32307;Felixdorf;10,59;241
32308;Gutenstein;10,21;64
32309;Hochneukirchen-Gschaidt;7,76;72
32310;Hochwolkersdorf;10,97;60
32311;Hohe Wand;18,27;148
32312;Hollenthon;9,81;56
32313;Katzelsdorf;29,45;521
32314;Kirchschlag in der Buckligen Welt;10,79;162
32315;Krumbach;8,9;113
32316;Lanzenkirchen;14,46;326
32317;Lichtenegg;10,99;62
32318;Lichtenwörth;11,63;178
32319;Markt Piesting;17,24;292
32320;Matzendorf-Hölles;11,45;133
32321;Miesenbach;10,11;37
32322;Muggendorf;12,95;36
32323;Pernitz;10,61;137
32324;Rohr im Gebirge;5,42;13
32325;Bromberg;12,04;78
32326;Schwarzenbach;8,33;42
32327;Sollenau;8,81;242
32330;Theresienfeld;13,36;265
32331;Waidmannsfeld;10,21;84
32332;Waldegg;11,85;135
32333;Walpersbach;16,72;108
32334;Weikersdorf am Steinfelde;14,72;92
32335;Wiesmath;11,4;93
32336;Winzendorf-Muthmannsdorf;17,6;183
32337;Wöllersdorf-Steinabrückl;12,4;326
32338;Zillingdorf;11,43;136
32501;Allentsteig;11,03;100
32502;Arbesbach;7,36;63
32503;Bärnkopf;3,52;7
32504;Echsenbach;7;50
32505;Göpfritz an der Wild;6,29;62
32506;Grafenschlag;8,14;38
32508;Groß Gerungs;9,11;223
32509;Großgöttfritz;5,04;39
32511;Gutenbrunn;9,96;26
32514;Kirchschlag;7,02;24
32515;Kottes-Purk;5,92;47
32516;Langschlag;7,27;68
32517;Martinsberg;6,77;40
32518;Ottenschlag;14,04;73
32519;Altmelon;4,59;22
32520;Pölla;7,55;38
32521;Rappottenstein;8,83;83
32522;Sallingberg;8,15;53
32523;Schönbach;7,04;30
32524;Schwarzenau;10,19;81
32525;Schweiggers;7,84;87
32528;Bad Traunstein;9,5;51
32529;Waldhausen;8,86;57
32530;Zwettl-Niederösterreich;14,4;856
40101;Linz;23,36;27.156
40201;Steyr;14,54;2.960
40301;Wels;13,39;4.540
40401;Altheim;9,85;272
40402;Aspach;8,18;123
40403;Auerbach;7,28;27
40404;Braunau am Inn;11,58;1.103
40405;Burgkirchen;9,43;148
40406;Eggelsberg;10,37;147
40407;Feldkirchen bei Mattighofen;9,55;111
40408;Franking;10,58;62
40409;Geretsberg;8,24;53
40410;Gilgenberg am Weilhart;9,22;72
40411;Haigermoos;12,32;44
40412;Handenberg;9,66;71
40413;Helpfau-Uttendorf;6,1;125
40414;Hochburg-Ach;12,55;228
40415;Höhnhart;6,38;51
40416;Jeging;6,68;26
40417;Kirchberg bei Mattighofen;13,16;90
40418;Lengau;8,34;228
40419;Lochen am See;12,79;209
40420;Maria Schmolln;9,99;76
40421;Mattighofen;7,86;304
40422;Mauerkirchen;8,22;115
40423;Mining;14,15;102
40424;Moosbach;6,58;41
40425;Moosdorf;9,3;90
40426;Munderfing;11,09;196
40427;Neukirchen an der Enknach;8,33;107
40428;Ostermiething;8,49;152
40429;Palting;11,95;68
40430;Perwang am Grabensee;15,89;95
40431;Pfaffstätt;10,83;73
40432;Pischelsdorf am Engelbach;7,23;69
40433;Polling im Innkreis;6,53;36
40434;Roßbach;7,71;40
40435;St. Georgen am Fillmannsbach;10,53;26
40436;St. Johann am Walde;6,7;78
40437;St. Pantaleon;9,51;168
40438;St. Peter am Hart;13,34;172
40439;St. Radegund;12,9;44
40440;St. Veit im Innkreis;5,6;13
40441;Schalchen;9,17;208
40442;Schwand im Innkreis;9,84;54
40443;Tarsdorf;8,16;95
40444;Treubach;6,23;25
40445;Überackern;10,9;45
40446;Weng im Innkreis;6,39;50
40501;Alkoven;16,19;547
40502;Aschach an der Donau;15,22;177
40503;Eferding;12,6;288
40504;Fraham;13,77;187
40505;Haibach ob der Donau;11,81;85
40506;Hartkirchen;10,11;224
40507;Hinzenbach;10,07;115
40508;Prambachkirchen;10,21;168
40509;Pupping;11,57;115
40510;St. Marienkirchen an der Polsenz;12,02;159
40511;Scharten;15,22;194
40512;Stroheim;9,1;84
40601;Freistadt;16,23;694
40602;Grünbach;7,59;82
40603;Gutau;10,7;167
40604;Hagenberg im Mühlkreis;22,97;357
40605;Hirschbach im Mühlkreis;10,3;66
40606;Kaltenberg;7,84;25
40607;Kefermarkt;11,98;144
40608;Königswiesen;6,47;110
40609;Lasberg;12,17;186
40610;Leopoldschlag;7,09;41
40611;Liebenau;6,07;52
40612;Neumarkt im Mühlkreis;13,81;240
40613;Pierbach;5,58;32
40614;Pregarten;12,96;393
40615;Rainbach im Mühlkreis;9,49;146
40616;Sandl;6,83;52
40617;St. Leonhard bei Freistadt;7,19;54
40618;St. Oswald bei Freistadt;7,05;113
40619;Schönau im Mühlkreis;7,36;79
40620;Tragwein;11,22;192
40621;Unterweißenbach;5,47;63
40622;Unterweitersdorf;15,55;193
40623;Waldburg;11,02;84
40624;Wartberg ob der Aist;15,4;379
40625;Weitersfelden;7,58;43
40626;Windhaag bei Freistadt;6,59;58
40627;Bad Zell;12,71;201
40701;Altmünster;20,84;1.122
40702;Bad Goisern am Hallstättersee;12,26;500
40703;Bad Ischl;16,72;1.244
40704;Ebensee am Traunsee;14,56;610
40705;Gmunden;24,64;1.747
40706;Gosau;10,87;107
40707;Grünau im Almtal;13,64;141
40708;Gschwandt;16,23;255
40709;Hallstatt;15,09;62
40710;Kirchham;10,48;129
40711;Laakirchen;8,96;482
40712;Obertraun;9,54;39
40713;Ohlsdorf;15,88;459
40714;Pinsdorf;13,25;303
40715;Roitham am Traunfall;12,81;145
40716;St. Konrad;9,24;58
40717;St. Wolfgang im Salzkammergut;11,72;176
40718;Traunkirchen;17,99;161
40719;Scharnstein;13,53;354
40720;Vorchdorf;10,8;456
40801;Aistersheim;12,62;66
40802;Bad Schallerbach;15,39;369
40804;Eschenau im Hausruckkreis;5,44;33
40805;Gallspach;10,72;163
40806;Gaspoltshofen;10,66;209
40807;Geboltskirchen;11,96;94
40808;Grieskirchen;17,97;461
40809;Haag am Hausruck;16,03;194
40810;Heiligenberg;9,31;35
40811;Hofkirchen an der Trattnach;11,47;106
40812;Kallham;11,15;151
40813;Kematen am Innbach;7,59;62
40814;Meggenhofen;13,2;111
40815;Michaelnbach;8,1;54
40816;Natternbach;6,33;80
40817;Neukirchen am Walde;7,45;67
40818;Neumarkt im Hausruckkreis;10,01;77
40820;Pötting;12,2;35
40821;Pollham;13,68;74
40822;Pram;13,46;125
40823;Rottenbach;11,39;68
40824;St. Agatha;8,93;108
40825;St. Georgen bei Grieskirchen;15,78;121
40826;St. Thomas;7,31;22
40827;Schlüßlberg;10,5;177
40828;Steegen;7,69;50
40829;Taufkirchen an der Trattnach;9,91;111
40830;Tollet;20,45;108
40831;Waizenkirchen;10,91;218
40832;Wallern an der Trattnach;15,17;255
40833;Weibern;13,11;120
40834;Wendling;11,46;55
40835;Peuerbach;11,03;288
40901;Edlbach;16,11;58
40902;Grünburg;7,92;160
40903;Hinterstoder;12,02;56
40904;Inzersdorf im Kremstal;9,51;98
40905;Kirchdorf an der Krems;15,24;374
40906;Klaus an der Pyhrnbahn;12,15;69
40907;Kremsmünster;14,2;507
40908;Micheldorf in Oberösterreich;13,9;442
40909;Molln;11;211
40910;Nußbach;10,64;135
40911;Oberschlierbach;17;43
40912;Pettenbach;10;296
40913;Ried im Traunkreis;9,82;150
40914;Rosenau am Hengstpaß;4,49;16
40915;Roßleithen;11,46;114
40916;St. Pankraz;5,82;11
40917;Schlierbach;16,87;265
40918;Spital am Pyhrn;7,62;93
40919;Steinbach am Ziehberg;7,37;33
40920;Steinbach an der Steyr;9,17;100
40921;Vorderstoder;8,2;36
40922;Wartberg an der Krems;9,72;163
40923;Windischgarsten;14,4;184
41001;Allhaming;18,74;134
41002;Ansfelden;9,97;917
41003;Asten;9,25;367
41004;Eggendorf im Traunkreis;17,77;110
41005;Enns;14,77;967
41006;Hargelsberg;21,4;171
41007;Hörsching;12,8;444
41008;Hofkirchen im Traunkreis;17,15;188
41009;Kematen an der Krems;14,54;244
41010;Kirchberg-Thening;24,65;331
41011;Kronstorf;13,81;275
41012;Leonding;25,06;4.067
41013;St. Florian;24,23;821
41014;Neuhofen an der Krems;21,15;779
41015;Niederneukirchen;17,07;205
41016;Oftering;18,56;216
41017;Pasching;17,74;762
41018;Piberbach;13,22;140
41019;Pucking;12,91;290
41020;St. Marien;17,1;477
41021;Traun;9,97;1.341
41022;Wilhering;28,21;904
41101;Allerheiligen im Mühlkreis;10,5;74
41102;Arbing;12,51;112
41103;Baumgartenberg;12,37;119
41104;Dimbach;5,38;28
41105;Grein;11,32;175
41106;Katsdorf;19,35;353
41107;Klam;8,88;50
41108;Bad Kreuzen;10,17;121
41109;Langenstein;8,22;117
41110;Luftenberg an der Donau;13,82;340
41111;Mauthausen;12,83;345
41112;Mitterkirchen im Machland;7,27;69
41113;Münzbach;6,2;62
41114;Naarn im Machlande;9,81;204
41115;Pabneukirchen;8,58;78
41116;Perg;14,58;726
41117;Rechberg;10,04;56
41118;Ried in der Riedmark;14,97;369
41119;St. Georgen am Walde;6,56;72
41120;St. Georgen an der Gusen;16,62;385
41121;St. Nikola an der Donau;10,73;47
41122;St. Thomas am Blasenstein;7,22;34
41123;Saxen;11,16;109
41124;Schwertberg;13,63;390
41125;Waldhausen im Strudengau;8,73;135
41126;Windhaag bei Perg;9,6;81
41201;Andrichsfurt;8,18;35
41202;Antiesenhofen;5,23;33
41203;Aurolzmünster;7,88;137
41204;Eberschwang;11,55;225
41205;Eitzing;11,09;54
41206;Geiersberg;11,43;32
41207;Geinberg;7,42;59
41208;Gurten;8,62;57
41209;Hohenzell;19,6;248
41210;Kirchdorf am Inn;10,83;39
41211;Kirchheim im Innkreis;8,09;33
41212;Lambrechten;8,02;58
41213;Lohnsburg am Kobernaußerwald;9,64;120
41214;Mehrnbach;12,14;158
41215;Mettmach;6,68;89
41216;Mörschwang;20,53;39
41217;Mühlheim am Inn;7,92;30
41218;Neuhofen im Innkreis;17,36;246
41219;Obernberg am Inn;8,67;78
41220;Ort im Innkreis;7,74;55
41221;Pattigham;12,86;71
41222;Peterskirchen;15,46;60
41223;Pramet;11,19;64
41224;Reichersberg;9,21;82
41225;Ried im Innkreis;16,67;1.112
41226;St. Georgen bei Obernberg am Inn;13,31;41
41227;St. Marienkirchen am Hausruck;14,96;76
41228;St. Martin im Innkreis;11,34;135
41229;Schildorn;10,77;74
41230;Senftenbach;11,7;53
41231;Taiskirchen im Innkreis;12,07;157
41232;Tumeltsham;20,74;190
41233;Utzenaich;12,53;110
41234;Waldzell;7,39;91
41235;Weilbach;11,7;40
41236;Wippenham;8,82;30
41304;Altenfelden;13,1;164
41305;Arnreit;10,19;63
41306;Atzesberg;5,04;13
41307;Auberg;7,93;23
41309;Haslach an der Mühl;14,89;198
41311;Hörbich;5,73;13
41312;Hofkirchen im Mühlkreis;8,57;71
41313;Julbach;6,95;61
41314;Kirchberg ob der Donau;9,39;55
41315;Klaffer am Hochficht;6,05;44
41316;Kleinzell im Mühlkreis;11,4;101
41317;Kollerschlag;6,32;53
41318;Lembach im Mühlkreis;10,92;89
41319;Lichtenau im Mühlkreis;7,55;21
41320;Nebelberg;6,84;24
41321;Neufelden;20;133
41322;Niederkappel;8,8;46
41323;Niederwaldkirchen;13,1;133
41324;Oberkappel;8,57;33
41325;Oepping;9,24;84
41326;Peilstein im Mühlviertel;7,52;64
41327;Pfarrkirchen im Mühlkreis;10,11;76
41328;Putzleinsdorf;10,78;93
41329;Neustift im Mühlkreis;9,82;77
41331;St. Johann am Wimberg;11,07;61
41332;St. Martin im Mühlkreis;14,28;311
41333;St. Oswald bei Haslach;7,59;23
41334;St. Peter am Wimberg;9,17;90
41336;St. Ulrich im Mühlkreis;14,33;50
41337;St. Veit im Mühlkreis;12,87;86
41338;Sarleinsbach;9,59;123
41341;Schwarzenberg am Böhmerwald;6,39;20
41342;Ulrichsberg;9,07;141
41343;Aigen-Schlägl;12,15;215
41344;Rohrbach-Berg;17,43;498
41345;Helfenberg;12,16;103
41346;St. Stefan-Afiesl;9,79;60
41401;Altschwendt;9,51;35
41402;Andorf;10,91;310
41403;Brunnenthal;16,51;191
41404;Diersbach;10,54;91
41405;Dorf an der Pram;14,24;85
41406;Eggerding;9,52;68
41407;Engelhartszell;7,78;41
41408;Enzenkirchen;5,23;54
41409;Esternberg;7,35;114
41410;Freinberg;9,91;78
41411;Kopfing im Innkreis;10,3;110
41412;Mayrhof;10,06;18
41413;Münzkirchen;9,63;137
41414;Raab;9,86;126
41415;Rainbach im Innkreis;8,92;73
41416;Riedau;9,47;108
41417;St. Aegidi;7,19;62
41418;St. Florian am Inn;11,76;204
41419;St. Marienkirchen bei Schärding;10,21;108
41420;St. Roman;7,35;72
41421;St. Willibald;5,38;34
41422;Schärding;15,49;435
41423;Schardenberg;9,79;128
41424;Sigharting;8,77;40
41425;Suben;13,13;130
41426;Taufkirchen an der Pram;9,52;150
41427;Vichtenstein;3,34;11
41428;Waldkirchen am Wesen;6,01;42
41429;Wernstein am Inn;10,01;85
41430;Zell an der Pram;12,29;129
41501;Adlwang;13,06;134
41502;Aschach an der Steyr;16,82;214
41503;Bad Hall;15,8;460
41504;Dietach;16,66;308
41505;Gaflenz;9,97;100
41506;Garsten;19,25;711
41507;Großraming;12,11;173
41508;Laussa;8,23;55
41509;Losenstein;11,29;99
41510;Maria Neustift;7,34;65
41511;Pfarrkirchen bei Bad Hall;13,66;175
41512;Reichraming;6,86;64
41513;Rohr im Kremstal;12,5;100
41514;St. Ulrich bei Steyr;21,06;343
41515;Schiedlberg;12,66;88
41516;Sierning;11,45;605
41517;Ternberg;9,21;167
41518;Waldneukirchen;12,11;148
41521;Wolfern;15,46;266
41522;Weyer;13,02;278
41601;Alberndorf in der Riedmark;13,02;308
41602;Altenberg bei Linz;25,27;647
41603;Bad Leonfelden;12,97;296
41604;Eidenberg;15,12;187
41605;Engerwitzdorf;20,28;1.000
41606;Feldkirchen an der Donau;13,52;401
41607;Gallneukirchen;25,07;936
41608;Goldwörth;19,7;93
41609;Gramastetten;24,32;679
41610;Haibach im Mühlkreis;18,16;91
41611;Hellmonsödt;20,19;260
41612;Herzogsdorf;11,07;170
41613;Kirchschlag bei Linz;22,19;280
41614;Lichtenberg;32,51;489
41615;Oberneukirchen;13,21;231
41616;Ottenschlag im Mühlkreis;10,97;35
41617;Ottensheim;29,72;776
41618;Puchenau;36,38;856
41619;Reichenau im Mühlkreis;15,6;120
41620;Reichenthal;9,71;78
41621;St. Gotthard im Mühlkreis;18,1;133
41622;Schenkenfelden;10,96;97
41623;Sonnberg im Mühlkreis;19,1;111
41624;Steyregg;19,64;538
41626;Walding;20,4;464
41627;Zwettl an der Rodl;16,54;155
41628;Vorderweißenbach;11,52;168
41701;Ampflwang im Hausruckwald;7,05;130
41702;Attersee am Attersee;24,06;217
41703;Attnang-Puchheim;8,43;408
41704;Atzbach;14,35;94
41705;Aurach am Hongar;9,87;97
41706;Berg im Attergau;12,36;75
41707;Desselbrunn;11,3;119
41708;Fornach;8,92;48
41709;Frankenburg am Hausruck;9,4;256
41710;Frankenmarkt;9,93;197
41711;Gampern;13,46;225
41712;Innerschwand am Mondsee;16,06;105
41713;Lenzing;9,83;283
41714;Manning;11,78;49
41715;Mondsee;20,08;431
41716;Neukirchen an der Vöckla;13,02;181
41717;Niederthalheim;8,45;48
41718;Nußdorf am Attersee;16,45;101
41719;Oberhofen am Irrsee;12,64;124
41720;Oberndorf bei Schwanenstadt;10,36;83
41721;Oberwang;7,31;70
41722;Ottnang am Hausruck;10,42;216
41723;Pfaffing;10,22;83
41724;Pilsbach;16,42;56
41725;Pitzenberg;11,18;36
41726;Pöndorf;6,7;91
41727;Puchkirchen am Trattberg;16,53;98
41728;Pühret;11,95;41
41729;Redleiten;5,92;18
41730;Redlham;12,68;117
41731;Regau;12,82;488
41732;Rüstorf;9,74;121
41733;Rutzenham;20;32
41734;St. Georgen im Attergau;12,62;315
41735;St. Lorenz;19,53;267
41736;Schlatt;13,31;99
41737;Schörfling am Attersee;21,08;411
41738;Schwanenstadt;12,77;306
41739;Seewalchen am Attersee;20,88;670
41740;Steinbach am Attersee;17,38;77
41741;Straß im Attergau;9,75;85
41742;Tiefgraben;18,24;421
41743;Timelkam;11,66;369
41744;Ungenach;16,52;135
41745;Unterach am Attersee;19,54;161
41746;Vöcklabruck;18,82;1.249
41747;Vöcklamarkt;10,14;281
41748;Weißenkirchen im Attergau;10,34;55
41749;Weyregg am Attersee;23,66;203
41750;Wolfsegg am Hausruck;14,33;151
41751;Zell am Moos;15,06;136
41752;Zell am Pettenfirst;13,64;94
41801;Aichkirchen;12,54;41
41802;Bachmanning;11,11;43
41803;Bad Wimsbach-Neydharting;12,11;173
41804;Buchkirchen;15,13;342
41805;Eberstalzell;11,24;167
41806;Edt bei Lambach;11,03;143
41807;Fischlham;11,39;85
41808;Gunskirchen;15,29;527
41809;Holzhausen;17,72;112
41810;Krenglbach;15,93;282
41811;Lambach;12,97;255
41812;Marchtrenk;10,86;855
41813;Neukirchen bei Lambach;15,7;81
41814;Offenhausen;11,1;108
41815;Pennewang;15,85;84
41816;Pichl bei Wels;13,85;223
41817;Sattledt;10,99;167
41818;Schleißheim;21,3;174
41819;Sipbachzell;17,01;201
41820;Stadl-Paura;8,76;240
41821;Steinerkirchen an der Traun;12,09;154
41822;Steinhaus;18,5;236
41823;Thalheim bei Wels;25,57;769
41824;Weißkirchen an der Traun;16,06;313
50101;Salzburg;26,58;22.887
50201;Abtenau;10,48;344
50202;Adnet;17,89;355
50203;Annaberg-Lungötz;8,17;94
50204;Golling an der Salzach;15,6;364
50205;Hallein;16,73;2.001
50206;Krispl;8,77;42
50207;Kuchl;18,32;732
50208;Oberalm;25,63;608
50209;Puch bei Hallein;23,72;637
50210;Rußbach am Paß Gschütt;5,73;25
50211;Sankt Koloman;12,5;118
50212;Scheffau am Tennengebirge;12,97;96
50213;Bad Vigaun;13,64;158
50301;Anif;29;661
50302;Anthering;17,94;384
50303;Bergheim;22,51;700
50304;Berndorf bei Salzburg;11,08;108
50305;Bürmoos;12,63;347
50306;Dorfbeuern;15,19;134
50307;Ebenau;14,95;115
50308;Elixhausen;21,49;357
50309;Elsbethen;30,53;933
50310;Eugendorf;15,97;622
50311;Faistenau;12,46;221
50312;Fuschl am See;21,3;200
50313;Göming;16,78;72
50314;Grödig;17,59;725
50315;Großgmain;23,61;331
50316;Hallwang;20,99;494
50317;Henndorf am Wallersee;17,57;483
50318;Hintersee;9,89;28
50319;Hof bei Salzburg;17,83;351
50320;Köstendorf;12,88;191
50321;Koppl;22,82;476
50322;Lamprechtshausen;13,51;305
50323;Mattsee;23,11;428
50324;Neumarkt am Wallersee;16,07;578
50325;Nußdorf am Haunsberg;12,81;171
50326;Oberndorf bei Salzburg;17,07;551
50327;Obertrum am See;16,36;447
50328;Plainfeld;17,79;127
50329;Sankt Georgen bei Salzburg;11,42;196
50330;Sankt Gilgen;18,95;400
50331;Schleedorf;12,08;72
50332;Seeham;18,59;206
50335;Straßwalchen;9,92;435
50336;Strobl;16,13;305
50337;Thalgau;14,48;489
50338;Wals-Siezenheim;19,37;1.466
50339;Seekirchen am Wallersee;20,91;1.262
50401;Altenmarkt im Pongau;13,74;344
50402;Bad Hofgastein;10,34;388
50403;Bad Gastein;10,2;216
50404;Bischofshofen;10,81;617
50405;Dorfgastein;11,24;100
50406;Eben im Pongau;10,11;140
50407;Filzmoos;6,5;54
50408;Flachau;12,65;207
50409;Forstau;8,78;26
50410;Goldegg;16,41;232
50411;Großarl;7,47;156
50412;Hüttau;5,92;47
50413;Hüttschlag;6,03;27
50414;Kleinarl;7,03;30
50415;Mühlbach am Hochkönig;6,96;55
50416;Pfarrwerfen;11,69;156
50417;Radstadt;11,66;311
50418;Sankt Johann im Pongau;13,63;873
50419;Sankt Martin am Tennengebirge;10,84;104
50420;Sankt Veit im Pongau;15,3;329
50421;Schwarzach im Pongau;9,89;190
50422;Untertauern;8,75;23
50423;Wagrain;8,28;145
50424;Werfen;9,44;160
50425;Werfenweng;13,9;82
50501;Göriach;10,75;20
50502;Lessach;9,69;28
50503;Mariapfarr;13,18;162
50504;Mauterndorf;14,51;120
50505;Muhr;4,01;11
50506;Ramingstein;8,37;53
50507;Sankt Andrä im Lungau;7,63;30
50508;Sankt Margarethen im Lungau;12,03;48
50509;Sankt Michael im Lungau;10,73;210
50510;Tamsweg;13,08;418
50511;Thomatal;9,29;17
50512;Tweng;9,63;13
50513;Unternberg;10,19;54
50514;Weißpriach;3,61;6
50515;Zederhaus;4,94;31
50601;Bramberg am Wildkogel;6,92;151
50602;Bruck an der Großglocknerstraße;10,44;274
50603;Dienten am Hochkönig;5,67;22
50604;Fusch an der Großglocknerstraße;8,12;32
50605;Hollersbach im Pinzgau;8,93;62
50606;Kaprun;9,11;164
50607;Krimml;8,56;38
50608;Lend;7,45;50
50609;Leogang;11,24;208
50610;Lofer;10,23;107
50611;Maishofen;13,75;280
50612;Maria Alm am Steinernen Meer;9,52;112
50613;Mittersill;9,65;292
50614;Neukirchen am Großvenediger;8,3;122
50615;Niedernsill;9,84;151
50616;Piesendorf;10,03;207
50617;Rauris;8,26;133
50618;Saalbach-Hinterglemm;8,09;137
50619;Saalfelden am Steinernen Meer;13,02;1.213
50620;Sankt Martin bei Lofer;9,55;63
50621;Stuhlfelden;9,15;82
50622;Taxenbach;6,72;100
50623;Unken;12,59;128
50624;Uttendorf;9;149
50625;Viehhofen;6,33;21
50626;Wald im Pinzgau;7,06;45
50627;Weißbach bei Lofer;6,96;16
50628;Zell am See;13,1;733
60101;Graz;34,34;56.938
60305;Frauental an der Laßnitz;10,36;174
60318;Lannach;16,89;345
60323;Pölfing-Brunn;5,31;46
60324;Preding;11,58;118
60326;Sankt Josef (Weststeiermark);14,19;132
60329;Sankt Peter im Sulmtal;7,16;52
60341;Wettmannstätten;8,04;75
60344;Deutschlandsberg;14,24;923
60345;Eibiswald;6,54;231
60346;Groß Sankt Florian;10,23;236
60347;Sankt Martin im Sulmtal;9,35;162
60348;Sankt Stefan ob Stainz;11,37;233
60349;Schwanberg;10,06;255
60350;Stainz;13,01;637
60351;Wies;6,15;146
60608;Feldkirchen bei Graz;13,55;533
60611;Gössendorf;17,22;407
60613;Gratkorn;14,74;659
60617;Hart bei Graz;31,69;940
60618;Haselsdorf-Tobelbad;19,93;177
60619;Hausmannstätten;23,71;465
60623;Kainbach bei Graz;27,64;443
60624;Kalsdorf bei Graz;12,01;525
60626;Kumberg;26,33;563
60628;Laßnitzhöhe;23,91;369
60629;Lieboch;16,28;480
60632;Peggau;12,16;156
60639;Sankt Bartholomä;13,54;109
60641;Sankt Oswald bei Plankenwarth;16,69;123
60642;Sankt Radegund bei Graz;25,75;308
60645;Semriach;12;212
60646;Stattegg;39,52;624
60647;Stiwoll;10,78;43
60648;Thal;27,05;333
60651;Übelbach;9,52;107
60653;Vasoldsberg;18,1;462
60654;Weinitzen;27,19;401
60655;Werndorf;9,83;135
60656;Wundschuh;12,23;114
60659;Deutschfeistritz;12,2;300
60660;Dobl-Zwaring;14,18;285
60661;Eggersdorf bei Graz;18,23;692
60662;Fernitz-Mellach;15,44;439
60663;Frohnleiten;12,52;456
60664;Gratwein-Straßengel;21,54;1.538
60665;Hitzendorf;18,7;751
60666;Nestelbach bei Graz;15,73;234
60667;Raaba-Grambach;24,28;647
60668;Sankt Marein bei Graz;14,4;313
60669;Seiersberg-Pirka;20,14;1.337
60670;Premstätten;15,55;569
61001;Allerheiligen bei Wildon;14,65;125
61002;Arnfels;8,09;41
61007;Empersdorf;8,51;70
61008;Gabersdorf;7,74;55
61012;Gralla;7,42;116
61013;Großklein;8,5;110
61016;Heimschuh;8,08;87
61017;Hengsberg;12,57;107
61019;Kitzeck im Sausal;11,05;79
61020;Lang;13,56;110
61021;Lebring-Sankt Margarethen;10,63;134
61024;Oberhaag;4,28;49
61027;Ragnitz;7,95;70
61030;Sankt Andrä-Höch;6,38;64
61032;Sankt Johann im Saggautal;5,94;68
61033;Sankt Nikolai im Sausal;10,84;141
61043;Tillmitsch;8,26;171
61045;Wagna;10,33;374
61049;Ehrenhausen an der Weinstraße;8,8;127
61050;Gamlitz;6,56;116
61051;Gleinstätten;8,25;134
61052;Heiligenkreuz am Waasen;10,05;164
61053;Leibnitz;12,66;892
61054;Leutschach an der Weinstraße;5,38;110
61055;Sankt Georgen an der Stiefing;14,35;125
61056;Sankt Veit in der Südsteiermark;7,36;169
61057;Schwarzautal;6,01;78
61058;Straß in Steiermark;7,38;209
61059;Wildon;13,04;412
61101;Eisenerz;7,98;143
61105;Kalwang;7,42;38
61106;Kammern im Liesingtal;9,87;84
61107;Kraubath an der Mur;13,51;100
61108;Leoben;17,29;2.297
61109;Mautern in Steiermark;6,35;59
61110;Niklasdorf;8,09;106
61111;Proleb;13,72;118
61112;Radmer;5,73;16
61113;Sankt Michael in Obersteiermark;9,67;163
61114;Sankt Peter-Freienstein;8,92;113
61115;Sankt Stefan ob Leoben;8,83;91
61116;Traboch;8,24;67
61118;Vordernberg;8,03;44
61119;Wald am Schoberpaß;5,35;16
61120;Trofaiach;13,72;794
61203;Aigen im Ennstal;13,86;201
61204;Altaussee;16,48;160
61205;Altenmarkt bei Sankt Gallen;7,95;35
61206;Ardning;10,15;68
61207;Bad Aussee;15,13;385
61213;Gröbming;12,24;208
61215;Grundlsee;14,47;92
61217;Haus;9,31;123
61222;Lassing;7,65;68
61236;Ramsau am Dachstein;12,65;191
61243;Selzthal;5,88;52
61247;Trieben;5,88;104
61251;Wildalpen;2,47;6
61252;Wörschach;12,64;80
61253;Admont;10,73;290
61254;Aich;8,39;60
61255;Bad Mitterndorf;10,15;270
61256;Gaishorn am See;10,45;76
61257;Irdning-Donnersbachtal;13,2;296
61258;Landl;5,93;81
61259;Liezen;9,33;412
61260;Michaelerberg-Pruggern;7,11;46
61261;Mitterberg-Sankt Martin;11,01;114
61262;Öblarn;11,12;119
61263;Rottenmann;8,43;232
61264;Sankt Gallen;6,48;60
61265;Schladming;11,34;412
61266;Sölk;6,51;53
61267;Stainach-Pürgg;9,37;140
61410;Mühlen;10,5;48
61413;Niederwölz;8,49;27
61425;St. Peter am Kammersberg;8,05;89
61428;Schöder;10,16;51
61437;Krakau;9,17;74
61438;Murau;18,53;348
61439;Neumarkt in der Steiermark;10,87;284
61440;Oberwölz;8,49;131
61441;Ranten;6,34;39
61442;Sankt Georgen am Kreischberg;10,61;101
61443;Sankt Lambrecht;9,8;97
61444;Scheifling;10,1;119
61445;Stadl-Predlitz;5,81;53
61446;Teufenbach-Katsch;9,2;92
61611;Krottendorf-Gaisfeld;11,32;159
61612;Ligist;12,83;234
61615;Mooskirchen;10,79;136
61618;Rosental an der Kainach;7,11;66
61621;Sankt Martin am Wöllmißberg;8,72;39
61624;Stallhofen;10,43;186
61625;Voitsberg;9,84;507
61626;Bärnbach;10,52;325
61627;Edelschrott;9,61;89
61628;Geistthal-Södingberg;7,33;63
61629;Hirschegg-Pack;6,68;37
61630;Kainach bei Voitsberg;6,77;60
61631;Köflach;9,22;484
61632;Maria Lankowitz;9,26;143
61633;Söding-Sankt Johann;14,05;334
61701;Albersdorf-Prebuch;12,99;161
61708;Fischbach;7,3;59
61710;Floing;5,54;37
61711;Gasen;4,14;19
61716;Markt Hartmannsdorf;12,89;212
61719;Hofstätten an der Raab;12,01;160
61727;Ludersdorf-Wilfersdorf;14,75;221
61728;Miesenbach bei Birkfeld;5,16;19
61729;Mitterdorf an der Raab;10,28;123
61730;Mortantsch;14,53;173
61731;Naas;4,4;34
61740;Puch bei Weiz;8,46;97
61741;Ratten;5,91;34
61743;Rettenegg;8,01;29
61744;St. Kathrein am Hauenstein;4,55;16
61745;Sankt Kathrein am Offenegg;6;35
61746;St. Margarethen an der Raab;11,19;251
61748;Sinabelkirchen;7;174
61750;Strallegg;5,73;60
61751;Thannhausen;12,59;168
61756;Anger;7,22;160
61757;Birkfeld;8;217
61758;Fladnitz an der Teichalm;5,34;52
61759;Gersdorf an der Feistritz;6,94;66
61760;Gleisdorf;15,2;944
61761;Gutenberg-Stenzengreith;14,46;151
61762;Ilztal;9,46;116
61763;Passail;8,25;186
61764;Pischelsdorf am Kulm;9,6;197
61765;Sankt Ruprecht an der Raab;10,4;320
61766;Weiz;14,47;942
62007;Fohnsdorf;9,86;396
62008;Gaal;9,17;65
62010;Hohentauern;9,13;19
62014;Kobenz;15,33;165
62021;Pusterwald;7,11;16
62026;Sankt Georgen ob Judenburg;5,57;25
62032;Sankt Peter ob Judenburg;10,41;61
62034;Seckau;17,55;123
62036;Unzmarkt-Frauenburg;7,18;49
62038;Zeltweg;7,26;274
62039;Lobmingtal;10,53;107
62040;Judenburg;10,58;563
62041;Knittelfeld;8;547
62042;Obdach;8,74;177
62043;Pöls-Oberkurzheim;9,14;145
62044;Pölstal;7,57;103
62045;Sankt Marein-Feistritz;15,7;171
62046;Sankt Margarethen bei Knittelfeld;10,11;150
62047;Spielberg;10,44;308
62048;Weißkirchen in Steiermark;12,18;315
62105;Breitenau am Hochlantsch;7,73;65
62115;Krieglach;11,58;334
62116;Langenwang;10,2;215
62125;Pernegg an der Mur;11,14;143
62128;Sankt Lorenzen im Mürztal;15,34;313
62131;Spital am Semmering;7,95;62
62132;Stanz im Mürztal;5,61;57
62135;Turnau;8,34;68
62138;Aflenz;13,86;183
62139;Bruck an der Mur;13,51;1.157
62140;Kapfenberg;9,08;1.100
62141;Kindberg;10,77;483
62142;Mariazell;7,33;143
62143;Mürzzuschlag;9,76;415
62144;Neuberg an der Mürz;7,59;94
62145;Sankt Barbara im Mürztal;8,11;284
62146;Sankt Marein im Mürztal;10,5;152
62147;Thörl;7,53;91
62148;Tragöß-Sankt Katharein;7,77;78
62202;Bad Blumau;8,35;73
62205;Buch-St. Magdalena;6,42;80
62206;Burgau;10,88;62
62209;Ebersdorf;7,76;57
62211;Friedberg;9,32;136
62214;Greinbach;6,82;70
62216;Großsteinbach;8,77;63
62219;Hartberg;16,8;612
62220;Hartberg Umgebung;13,53;164
62226;Lafnitz;7,39;58
62232;Ottendorf an der Rittschein;6,2;58
62233;Pinggau;8,93;154
62235;Pöllauberg;8,57;97
62242;Sankt Jakob im Walde;4,58;27
62244;Sankt Johann in der Haide;7,7;96
62245;Sankt Lorenzen am Wechsel;5,89;46
62247;Schäffern;7,66;58
62252;Söchau;10,26;80
62256;Stubenberg;8,85;109
62262;Wenigzell;11,51;87
62264;Bad Waltersdorf;8,82;195
62265;Dechantskirchen;9,32;108
62266;Feistritztal;7;95
62267;Fürstenfeld;14,74;701
62268;Grafendorf bei Hartberg;8,68;152
62269;Großwilfersdorf;13,85;164
62270;Hartl;4,14;51
62271;Ilz;10,38;226
62272;Kaindorf;8,22;138
62273;Loipersdorf bei Fürstenfeld;8,1;84
62274;Neudau;6,48;52
62275;Pöllau;7,68;256
62276;Rohr bei Hartberg;6,39;52
62277;Rohrbach an der Lafnitz;9,29;136
62278;Vorau;7,34;190
62279;Waldbach-Mönichwald;7,22;56
62311;Edelsbach bei Feldbach;8,04;59
62314;Eichkögl;9,5;72
62326;Halbenrain;8,63;84
62330;Jagerberg;5,39;49
62332;Kapfenstein;6,04;51
62335;Klöch;7,85;51
62343;Mettersdorf am Saßbach;7,11;50
62347;Murfeld;9,67;95
62368;Tieschen;8,86;59
62372;Unterlamm;6,61;47
62375;Bad Gleichenberg;9,9;286
62376;Bad Radkersburg;13,59;226
62377;Deutsch Goritz;8,47;86
62378;Fehring;10,04;393
62379;Feldbach;9,7;723
62380;Gnas;6,63;225
62381;Kirchbach-Zerlach;9,17;169
62382;Kirchberg an der Raab;8,01;206
62383;Mureck;9,74;187
62384;Paldau;5,56;99
62385;Pirching am Traubenberg;8,01;116
62386;Riegersburg;8,13;229
62387;Sankt Anna am Aigen;6,01;81
62388;Sankt Peter am Ottersbach;7,06;120
62389;Sankt Stefan im Rosental;6,53;142
62390;Straden;7,75;152
70101;Innsbruck;32,73;24.551
70201;Arzl im Pitztal;8,98;160
70202;Haiming;12,68;337
70203;Imst;14,86;900
70204;Imsterberg;12,11;54
70205;Jerzens;5,48;30
70206;Karres;6,39;23
70207;Karrösten;14,54;58
70208;Längenfeld;6,44;176
70209;Mieming;22,79;481
70210;Mils bei Imst;13,75;48
70211;Mötz;13,54;96
70212;Nassereith;9,78;113
70213;Obsteig;19,42;147
70214;Oetz;11,67;157
70215;Rietz;11,36;151
70216;Roppen;11,14;116
70217;St. Leonhard im Pitztal;4,24;34
70218;Sautens;9,57;87
70219;Silz;16,68;236
70220;Sölden;5,73;103
70221;Stams;15,31;132
70222;Tarrenz;9,6;154
70223;Umhausen;6,79;126
70224;Wenns;8,51;98
70301;Absam;25,39;1.042
70302;Aldrans;35,35;538
70303;Ampass;20,48;222
70304;Axams;23,21;801
70305;Baumkirchen;15,47;112
70306;Birgitz;27,34;228
70307;Ellbögen;13,82;85
70308;Flaurling;18,21;134
70309;Fritzens;16,22;205
70310;Fulpmes;13,15;326
70311;Gnadenwald;24,83;109
70312;Götzens;23,31;555
70313;Gries am Brenner;10,78;80
70314;Gries im Sellrain;10,23;35
70315;Grinzens;18,49;147
70317;Gschnitz;6,78;16
70318;Hatting;20,45;172
70319;Inzing;21,55;487
70320;Kematen in Tirol;20,73;360
70322;Kolsass;16,92;158
70323;Kolsassberg;12,98;61
70325;Lans;37,18;235
70326;Leutasch;12,29;169
70327;Matrei am Brenner;8,53;46
70328;Mieders;21,9;237
70329;Mils;27,05;644
70330;Mühlbachl;6,99;50
70331;Mutters;28,45;363
70332;Natters;29,12;329
70333;Navis;7,44;87
70334;Neustift im Stubaital;9,68;272
70335;Oberhofen im Inntal;16,23;166
70336;Obernberg am Brenner;12;24
70337;Oberperfuss;19,19;339
70338;Patsch;24,71;151
70339;Pettnau;16,61;107
70340;Pfaffenhofen;16,04;102
70341;Pfons;13,35;92
70342;Polling in Tirol;15,11;105
70343;Ranggen;20,06;126
70344;Reith bei Seefeld;18,85;157
70345;Rinn;23,88;266
70346;Rum;20,38;1.010
70347;St. Sigmund im Sellrain;7,14;7
70348;Scharnitz;10,61;78
70349;Schmirn;5,17;24
70350;Schönberg im Stubaital;13,86;83
70351;Seefeld in Tirol;15,56;306
70352;Sellrain;10,73;79
70353;Sistrans;38,33;460
70354;Hall in Tirol;20,3;1.567
70355;Steinach am Brenner;11,32;228
70356;Telfes im Stubai;18,89;170
70357;Telfs;13,86;1.241
70358;Thaur;22,6;530
70359;Trins;16,35;122
70360;Tulfes;17,52;168
70361;Unterperfuss;13;13
70362;Vals;5,9;17
70364;Völs;21,91;793
70365;Volders;14,54;379
70366;Wattenberg;10,39;45
70367;Wattens;13,9;631
70368;Wildermieming;23,22;124
70369;Zirl;22,68;1.087
70401;Aurach bei Kitzbühel;12,4;77
70402;Brixen im Thale;8,74;126
70403;Fieberbrunn;10,61;255
70404;Going am Wilden Kaiser;8,69;97
70405;Hochfilzen;8,31;57
70406;Hopfgarten im Brixental;10,35;325
70407;Itter;11,64;76
70408;Jochberg;7,05;58
70409;Kirchberg in Tirol;11,23;328
70410;Kirchdorf in Tirol;10;227
70411;Kitzbühel;16,49;743
70412;Kössen;9,08;220
70413;Oberndorf in Tirol;12,87;160
70414;Reith bei Kitzbühel;16,29;146
70415;St. Jakob in Haus;9,71;43
70416;St. Johann in Tirol;13,26;711
70417;St. Ulrich am Pillersee;8,78;92
70418;Schwendt;9,84;50
70419;Waidring;8,42;95
70420;Westendorf;10,32;204
70501;Alpbach;8,66;118
70502;Angath;8,92;51
70503;Bad Häring;16,39;262
70504;Brandenberg;5,51;44
70505;Breitenbach am Inn;13,33;258
70506;Brixlegg;13,71;240
70508;Ebbs;10,52;333
70509;Ellmau;8,12;129
70510;Erl;12,06;105
70511;Kirchbichl;11,95;385
70512;Kramsach;16,94;470
70513;Kufstein;17,61;1.966
70514;Kundl;14,11;375
70515;Langkampfen;11,46;271
70516;Mariastein;19,16;50
70517;Münster;12,42;245
70518;Niederndorf;12,54;199
70519;Niederndorferberg;9,98;41
70520;Radfeld;11,07;161
70521;Rattenberg;16,34;42
70522;Reith im Alpbachtal;10,92;166
70523;Rettenschöss;9,27;28
70524;Scheffau am Wilden Kaiser;8,94;75
70525;Schwoich;11,47;165
70526;Söll;10,1;210
70527;Thiersee;10,36;169
70528;Angerberg;15,8;168
70529;Walchsee;10,69;118
70530;Wildschönau;9,49;220
70531;Wörgl;10,37;821
70601;Faggen;3,38;7
70602;Fendels;4,67;7
70603;Fiss;9,77;56
70604;Fließ;8,99;154
70605;Flirsch;10,38;58
70606;Galtür;6,71;30
70607;Grins;10,37;73
70608;Ischgl;8,63;79
70609;Kappl;8,46;119
70610;Kaunerberg;4,89;11
70611;Kaunertal;6,94;22
70612;Kauns;11,07;30
70613;Ladis;5,83;18
70614;Landeck;12,85;537
70615;Nauders;8,28;73
70616;Pettneu am Arlberg;11;97
70617;Pfunds;5,77;84
70618;Pians;16,94;73
70619;Prutz;9,96;106
70620;Ried im Oberinntal;11,6;84
70621;St. Anton am Arlberg;15,6;210
70622;Schönwies;12,12;111
70623;See;7,27;52
70624;Serfaus;7,62;51
70625;Spiss;-;-
70626;Stanz bei Landeck;16,82;56
70627;Strengen;7,75;53
70628;Tobadill;8,33;24
70629;Tösens;5,73;24
70630;Zams;19,54;366
70701;Abfaltersbach;12,69;42
70702;Ainet;12,25;62
70703;Amlach;15,55;44
70704;Anras;9,18;59
70705;Assling;11,63;109
70706;Außervillgraten;6,15;23
70707;Dölsach;11,44;147
70708;Gaimberg;14,62;68
70709;Hopfgarten in Defereggen;10,48;39
70710;Innervillgraten;2,64;12
70711;Iselsberg-Stronach;11,59;38
70712;Kals am Großglockner;8,23;53
70713;Kartitsch;13,16;50
70714;Lavant;12,63;25
70715;Leisach;12,67;47
70716;Lienz;17,12;1.106
70717;Matrei in Osttirol;7,95;195
70718;Nikolsdorf;11,76;54
70719;Nußdorf-Debant;11,49;213
70720;Oberlienz;9,41;76
70721;Obertilliach;9,85;33
70723;Prägraten am Großvenediger;4,09;26
70724;St. Jakob in Defereggen;8,5;38
70725;St. Johann im Walde;4,46;7
70726;St. Veit in Defereggen;3,29;11
70727;Schlaiten;4,1;10
70728;Sillian;12,64;142
70729;Strassen;12,22;54
70731;Thurn;14,63;49
70732;Tristach;15,46;117
70733;Untertilliach;6,78;8
70734;Virgen;6,09;73
70735;Heinfels;12,82;70
70801;Bach;6,28;24
70802;Berwang;9,03;29
70803;Biberwier;11,93;42
70804;Bichlbach;9,48;40
70805;Breitenwang;14,13;117
70806;Ehenbichl;18,55;82
70807;Ehrwald;11,62;163
70808;Elbigenalp;12,1;61
70809;Elmen;8,12;16
70810;Forchach;4;6
70811;Grän;8,01;29
70812;Gramais;17,39;4
70813;Häselgehr;9,45;36
70814;Heiterwang;8,62;25
70815;Hinterhornbach;3,92;2
70816;Höfen;10,24;69
70817;Holzgau;14,22;30
70818;Jungholz;4,89;9
70819;Kaisers;11,9;5
70820;Lechaschau;10,91;129
70821;Lermoos;9,98;66
70822;Musau;7,25;15
70823;Namlos;4;2
70824;Nesselwängle;7,45;19
70825;Pfafflar;10,17;6
70826;Pflach;15,11;125
70827;Pinswang;13,82;30
70828;Reutte;12,98;490
70829;Schattwald;9,27;23
70830;Stanzach;12,31;32
70831;Steeg;3,91;14
70832;Tannheim;4,52;29
70833;Vils;9,37;76
70834;Vorderhornbach;15,44;23
70835;Wängle;11,93;60
70836;Weißenbach am Lech;7,31;54
70837;Zöblen;8,73;11
70901;Achenkirch;8,63;105
70902;Aschau im Zillertal;4,82;51
70903;Brandberg;9,78;18
70904;Bruck am Ziller;11,37;69
70905;Buch in Tirol;12,45;186
70907;Eben am Achensee;12,82;246
70908;Finkenberg;7,87;62
70909;Fügen;9,56;228
70910;Fügenberg;7,08;55
70911;Gallzein;9,56;35
70912;Gerlos;5,03;23
70913;Gerlosberg;2,64;7
70914;Hainzenberg;5,76;23
70915;Hart im Zillertal;9,44;86
70916;Hippach;2,37;19
70917;Jenbach;11,31;451
70918;Kaltenbach;8,39;61
70920;Mayrhofen;8,73;189
70921;Pill;13,19;89
70922;Ramsau im Zillertal;7,46;75
70923;Ried im Zillertal;7,23;55
70924;Rohrberg;6,15;19
70925;Schlitters;5,94;51
70926;Schwaz;14,91;1.152
70927;Schwendau;7,22;69
70928;Stans;17,43;216
70929;Steinberg am Rofan;4,38;6
70930;Strass im Zillertal;13,09;61
70931;Stumm;11,29;124
70932;Stummerberg;4,99;23
70933;Terfens;13,56;166
70934;Tux;5,26;61
70935;Uderns;6,62;71
70936;Vomp;14,31;410
70937;Weer;15,5;142
70938;Weerberg;8,09;113
70939;Wiesing;12,78;154
70940;Zell am Ziller;9,73;91
70941;Zellberg;5,22;19
80101;Bartholomäberg;10,42;134
80102;Blons;10,98;18
80103;Bludenz;13,54;1.102
80104;Bludesch;11,47;156
80105;Brand;12,62;54
80106;Bürs;11,5;219
80107;Bürserberg;10,63;32
80108;Dalaas;9,46;82
80109;Fontanella;5,15;12
80110;Gaschurn;8,82;70
80111;Innerbraz;12,3;63
80112;Klösterle;7,43;28
80113;Lech;15,15;142
80114;Lorüns;10,07;15
80115;Ludesch;12,75;267
80116;Nenzing;11,66;402
80117;Nüziders;18,22;487
80118;Raggal;11,18;53
80119;St. Anton im Montafon;12,5;47
80120;St. Gallenkirch;6,55;80
80121;St. Gerold;13,68;29
80122;Schruns;15,94;332
80123;Silbertal;4,17;20
80124;Sonntag;5,46;19
80125;Stallehr;11,56;17
80126;Thüringen;14,45;177
80127;Thüringerberg;13,12;50
80128;Tschagguns;9,11;111
80129;Vandans;13,11;194
80201;Alberschwende;13,39;238
80202;Andelsbuch;12,41;170
80203;Au;9,23;90
80204;Bezau;10,4;113
80205;Bildstein;16,48;74
80206;Bizau;11,11;66
80207;Bregenz;17,94;2.910
80208;Buch;7,65;25
80209;Damüls;7,78;13
80210;Doren;10,05;57
80211;Egg;12,83;252
80212;Eichenberg;12,11;27
80213;Fußach;12,56;269
80214;Gaißau;10,97;110
80215;Hard;14,31;1.078
80216;Hittisau;11,46;130
80217;Höchst;13,19;579
80218;Hörbranz;13,12;471
80219;Hohenweiler;14,63;109
80220;Kennelbach;15,41;159
80221;Krumbach;8,68;50
80222;Langen bei Bregenz;11,12;90
80223;Langenegg;12,01;74
80224;Lauterach;14,51;838
80225;Lingenau;15,43;131
80226;Lochau;20,89;679
80227;Mellau;9,52;66
80228;Mittelberg;8,96;260
80229;Möggers;5,48;17
80230;Reuthe;8,31;32
80231;Riefensberg;6,77;38
80232;Schnepfau;8,73;22
80233;Schoppernau;9,34;44
80234;Schröcken;15,18;17
80235;Schwarzach;19,64;427
80236;Schwarzenberg;15,85;152
80237;Sibratsgfäll;6,14;14
80238;Sulzberg;12,17;120
80239;Warth;5,71;6
80240;Wolfurt;16,31;760
80301;Dornbirn;18,84;5.246
80302;Hohenems;11,31;1.025
80303;Lustenau;13,08;1.657
80401;Altach;13,92;524
80402;Düns;15,6;34
80403;Dünserberg;5,06;4
80404;Feldkirch;20,09;3.876
80405;Frastanz;11,59;414
80406;Fraxern;14,43;58
80407;Göfis;17,04;316
80408;Götzis;14,4;948
80409;Klaus;18,74;316
80410;Koblach;13,09;359
80411;Laterns;8,49;31
80412;Mäder;11,05;257
80413;Meiningen;11,3;145
80414;Rankweil;14,97;975
80415;Röns;19,59;38
80416;Röthis;16,99;195
80417;Satteins;17,27;258
80418;Schlins;13,37;176
80419;Schnifis;17,82;77
80420;Sulz;14,84;216
80421;Übersaxen;9,7;32
80422;Viktorsberg;15,45;36
80423;Weiler;12,72;153
80424;Zwischenwasser;14,53;265
90101;Wien-Innere Stadt;51,58;4.550
90201;Wien-Leopoldstadt;35,1;21.598
90301;Wien-Landstraße;38,3;21.050
90401;Wien-Wieden;47,3;9.381
90501;Wien-Margareten;34,05;11.677
90601;Wien-Mariahilf;44,63;8.892
90701;Wien-Neubau;49,91;10.132
90801;Wien-Josefstadt;50,77;7.578
90901;Wien-Alsergrund;49,86;12.681
91001;Wien-Favoriten;15,12;17.571
91101;Wien-Simmering;13,79;8.134
91201;Wien-Meidling;22,39;12.587
91301;Wien-Hietzing;42,25;11.987
91401;Wien-Penzing;29,05;15.471
91501;Wien-Rudolfsheim-Fünfhaus;25,61;11.961
91601;Wien-Ottakring;25,49;15.489
91701;Wien-Hernals;32,39;10.820
91801;Wien-Währing;47,77;14.212
91901;Wien-Döbling;40,14;15.780
92001;Wien-Brigittenau;22,27;11.054
92101;Wien-Floridsdorf;17,2;16.000
92201;Wien-Donaustadt;21,13;23.181
92301;Wien-Liesing;23,54;13.943